id,group_id,split,signal,condition,disposition,tokens,evidence_items,structured_facts,human_approved,prompt_version,content_sha256
fictional-race-000-position_gain,fictional-race-000,train,position_gain,complete,draft,540,1,1,False,evidence-editor-v2,ef0ef3ac64e6557b7941b20a84935f635bd24a398bf81f0a108cd46cea904ba3
fictional-race-000-record_watch,fictional-race-000,train,record_watch,missing,insufficient_evidence,478,1,0,False,evidence-editor-v2,dac6a7f354c7a41526d1a2bf6b7148d54998240a5c094fcb27c1d62a0c3bf671
fictional-race-000-cutoff_watch,fictional-race-000,train,cutoff_watch,contradictory,insufficient_evidence,601,2,2,False,evidence-editor-v2,c79f86b6bf69f31ef460f6f358998fa0c74e6665c11be01e5c04e989d823ae45
fictional-race-000-pace_change,fictional-race-000,train,pace_change,misleading_hint,draft,584,1,1,False,evidence-editor-v2,4eac71dac752557861ad2ffb8e00cdc4cf198f269acf36a8886d45274ddb82d6
fictional-race-001-position_gain,fictional-race-001,train,position_gain,missing,insufficient_evidence,482,1,0,False,evidence-editor-v2,5c17c260dbd522b829788863154b1c71b1bbd0b060170dd8604a4f4539efe438
fictional-race-001-record_watch,fictional-race-001,train,record_watch,contradictory,insufficient_evidence,604,2,2,False,evidence-editor-v2,f86d2edf34b67e12084438840ab5e19d60474f32b2ee654832738b5288d60718
fictional-race-001-cutoff_watch,fictional-race-001,train,cutoff_watch,misleading_hint,draft,569,1,1,False,evidence-editor-v2,0998b7ca78d46a531b256ad1dd2fe2ef92bf990df5624fc55ade9e8f952aea46
fictional-race-001-pace_change,fictional-race-001,train,pace_change,boundary,draft,565,1,1,False,evidence-editor-v2,8239dde95730e7b2c2dcbaa9e71c6b475a45f061e7875cb11f0491b54d949d3d
fictional-race-002-position_gain,fictional-race-002,train,position_gain,contradictory,insufficient_evidence,594,2,2,False,evidence-editor-v2,c58eadbe02e3533a2cad520e7a95b037709422a86d46c7ac428ce250826e5950
fictional-race-002-record_watch,fictional-race-002,train,record_watch,misleading_hint,draft,571,1,1,False,evidence-editor-v2,b4d808811fb1dbed7dee45698c2d906ac3d7ee017bdf05131a1104f5784776aa
fictional-race-002-cutoff_watch,fictional-race-002,train,cutoff_watch,boundary,draft,547,1,1,False,evidence-editor-v2,77927bf8425dcb729e271cc2a366f6025e601ab6d7ae41636cfd08465de324ce
fictional-race-002-pace_change,fictional-race-002,train,pace_change,complete,draft,577,1,1,False,evidence-editor-v2,9601615a887440d4c640cf6083748e119f112604cffbb0be68ad09fef2b4b4a8
fictional-race-003-position_gain,fictional-race-003,train,position_gain,misleading_hint,draft,542,1,1,False,evidence-editor-v2,d373b1ac0de2aaaabb171604d486d0677e882f9e838ff0266fb4f7fae35888b4
fictional-race-003-record_watch,fictional-race-003,train,record_watch,boundary,draft,554,1,1,False,evidence-editor-v2,9e15b9e9412408e55e4c16419f4c1ec92ba42b4708880b7e014c567b0e326eb1
fictional-race-003-cutoff_watch,fictional-race-003,train,cutoff_watch,complete,draft,561,1,1,False,evidence-editor-v2,65a54963f5b155eec444848f2b64ccd5bbd34d6457ae325b920371d44c834c2b
fictional-race-003-pace_change,fictional-race-003,train,pace_change,missing,insufficient_evidence,480,1,0,False,evidence-editor-v2,51378e0d276747882750c11e59bf2a0c6d186f5e805af18613b348267f010fb0
fictional-race-004-position_gain,fictional-race-004,train,position_gain,boundary,draft,532,1,1,False,evidence-editor-v2,95822b59e8b428ecbf813b391a824b752b56641d070823a3660fec278cae2d06
fictional-race-004-record_watch,fictional-race-004,train,record_watch,complete,draft,573,1,1,False,evidence-editor-v2,bcaf65ef32f5ca0e073c2ce3d196b4d871ed62d44baeb461ed920b61d72def4a
fictional-race-004-cutoff_watch,fictional-race-004,train,cutoff_watch,missing,insufficient_evidence,485,1,0,False,evidence-editor-v2,a329bdf566f3a73e52baa5dfcb09f3027bf8716121c0754011517f11baa61eff
fictional-race-004-pace_change,fictional-race-004,train,pace_change,contradictory,insufficient_evidence,616,2,2,False,evidence-editor-v2,f8ecdfc8b82bd5664ec0ef9facde63df629ebd54898fd3b6e98e95379916e6e9
fictional-race-005-position_gain,fictional-race-005,train,position_gain,complete,draft,537,1,1,False,evidence-editor-v2,c53f061f7c8f7dd7e6ef4d6f18b497593e18f3feb1bd13123d68be3d8786639a
fictional-race-005-record_watch,fictional-race-005,train,record_watch,missing,insufficient_evidence,482,1,0,False,evidence-editor-v2,3cf851de2d7bd40b8a9df1d54b1a561b7da2e7ab117d486ea8869206997ce2aa
fictional-race-005-cutoff_watch,fictional-race-005,train,cutoff_watch,contradictory,insufficient_evidence,605,2,2,False,evidence-editor-v2,c8bd6a65fd875c5dc1b1a30bc31c511f06fcd630e9ee631d27ead4fb0cff5273
fictional-race-005-pace_change,fictional-race-005,train,pace_change,misleading_hint,draft,583,1,1,False,evidence-editor-v2,3839486d4ceafd68028a85c05677c39581b217e47d2c52a8c64c783501c7a473
fictional-race-006-position_gain,fictional-race-006,train,position_gain,missing,insufficient_evidence,480,1,0,False,evidence-editor-v2,f4e619adc114102debacbec67b44dcbbb5ae28b1ff311927fe712089ad997d3b
fictional-race-006-record_watch,fictional-race-006,train,record_watch,contradictory,insufficient_evidence,598,2,2,False,evidence-editor-v2,dc85f258f244249c121f384f627942b2312966d2a27a68884eeffc7e3d903408
fictional-race-006-cutoff_watch,fictional-race-006,train,cutoff_watch,misleading_hint,draft,565,1,1,False,evidence-editor-v2,ba2ba8c055c22c77c1db47805d4963e278f793d945fec9866137846987f61199
fictional-race-006-pace_change,fictional-race-006,train,pace_change,boundary,draft,563,1,1,False,evidence-editor-v2,1dbbee8dfc822c285703d393b4b9b53cfa951d6f10394621bcddf1cb4ff9b352
fictional-race-007-position_gain,fictional-race-007,train,position_gain,contradictory,insufficient_evidence,591,2,2,False,evidence-editor-v2,2c8b24de0708c78274b8f4a958fac0374ec825154b265fc7c07e361cae472e27
fictional-race-007-record_watch,fictional-race-007,train,record_watch,misleading_hint,draft,578,1,1,False,evidence-editor-v2,2da359310ef2ac5e254d136ee1db4d27affd1324b92f3ded81baed9a92505901
fictional-race-007-cutoff_watch,fictional-race-007,train,cutoff_watch,boundary,draft,548,1,1,False,evidence-editor-v2,ebeb14b2fa7f19c6630d0acecf52d6d0a276b2b3b51f3ca64fce4a1f8bf74938
fictional-race-007-pace_change,fictional-race-007,train,pace_change,complete,draft,578,1,1,False,evidence-editor-v2,1d6b6d5c58ae408c3d9e4f5461ba2b0117dc865858832fa8c479e7f01e926ce8
fictional-race-008-position_gain,fictional-race-008,train,position_gain,misleading_hint,draft,552,1,1,False,evidence-editor-v2,23455e3d5b0249fb9ba3d2ab5bb0031ae0e215eae82e0cd319e69c31c229f28e
fictional-race-008-record_watch,fictional-race-008,train,record_watch,boundary,draft,562,1,1,False,evidence-editor-v2,6a48398a4d745eb7475f932a78e6ccec459db2e22328d0c76d72abe15fbc72c4
fictional-race-008-cutoff_watch,fictional-race-008,train,cutoff_watch,complete,draft,569,1,1,False,evidence-editor-v2,a50f63d447976db6cf76882b0ed2ae5529e130f786fddf7e0980c37f0ac37b52
fictional-race-008-pace_change,fictional-race-008,train,pace_change,missing,insufficient_evidence,486,1,0,False,evidence-editor-v2,03e60a2277fb08a50bfae10bb5f2fe3dbc6273218a2ac4f6f54fd32ea3ca11b9
fictional-race-009-position_gain,fictional-race-009,train,position_gain,boundary,draft,530,1,1,False,evidence-editor-v2,2d564d037f264fb343676926515d6f718c608bbbbbb3d63f402ee789e2affbdc
fictional-race-009-record_watch,fictional-race-009,train,record_watch,complete,draft,571,1,1,False,evidence-editor-v2,2aefb1c1dd1b4847fce9f1c662c668a7d835d91eca7a5bfad30598ffb6d0ad33
fictional-race-009-cutoff_watch,fictional-race-009,train,cutoff_watch,missing,insufficient_evidence,483,1,0,False,evidence-editor-v2,99f0d06e3038f6a38796c1a6b147b32ef2e3654725748a629854ab8dae344b0c
fictional-race-009-pace_change,fictional-race-009,train,pace_change,contradictory,insufficient_evidence,612,2,2,False,evidence-editor-v2,c57840d0e8375115c5392de5b1ecd5605f81f52bf89a996eca20ebb3a338235b
fictional-race-010-position_gain,fictional-race-010,train,position_gain,complete,draft,540,1,1,False,evidence-editor-v2,8d3ecf3a1a89fbe9ccee3df94f085af770c0bf7d4f3918746123c093afbf81c6
fictional-race-010-record_watch,fictional-race-010,train,record_watch,missing,insufficient_evidence,484,1,0,False,evidence-editor-v2,747cfd3773d25ec1f6d4287d0a4afe8dc8eda27b8bee838d29ce6e27ae50a186
fictional-race-010-cutoff_watch,fictional-race-010,train,cutoff_watch,contradictory,insufficient_evidence,609,2,2,False,evidence-editor-v2,fb25e3d8fb75ae0688759b5afe949a4edc44009c80f54cef114494472e3a06be
fictional-race-010-pace_change,fictional-race-010,train,pace_change,misleading_hint,draft,586,1,1,False,evidence-editor-v2,2880e4e4a99fbb8c840e89ad7531a73a3e13a752642feb465ec52561fe6f0c30
fictional-race-011-position_gain,fictional-race-011,train,position_gain,missing,insufficient_evidence,484,1,0,False,evidence-editor-v2,7596bc0a18328f6890a3ed41776a087995927b8ccf60e28123f73e604a9f3bb5
fictional-race-011-record_watch,fictional-race-011,train,record_watch,contradictory,insufficient_evidence,606,2,2,False,evidence-editor-v2,cea0615b7326c4e1feaa1e4666fafc825e9e97539700ca47b0570376611e232e
fictional-race-011-cutoff_watch,fictional-race-011,train,cutoff_watch,misleading_hint,draft,571,1,1,False,evidence-editor-v2,4d9c2cba365d27587766cf015e341c7a47b69baed131d7ac6b723f143ce2bff8
fictional-race-011-pace_change,fictional-race-011,train,pace_change,boundary,draft,567,1,1,False,evidence-editor-v2,20a05d8968b659a2791325cb51206549cebc2facb5f6af30933fb139fa1e92a5
fictional-race-012-position_gain,fictional-race-012,train,position_gain,contradictory,insufficient_evidence,586,2,2,False,evidence-editor-v2,1b71d0e2a66505d54682372250e68d5009d3ad3f600df7f066817109dfd8f4c3
fictional-race-012-record_watch,fictional-race-012,train,record_watch,misleading_hint,draft,571,1,1,False,evidence-editor-v2,9eb3c960b9b6cb1daf3b8cd8a544a4eccf2f84adf622a55b218a7e20de2e9906
fictional-race-012-cutoff_watch,fictional-race-012,train,cutoff_watch,boundary,draft,543,1,1,False,evidence-editor-v2,97fd5160d1941d4fb3f2b8f86f0be081039b1b653d0ec46d8693e6d4ac95922a
fictional-race-012-pace_change,fictional-race-012,train,pace_change,complete,draft,573,1,1,False,evidence-editor-v2,e843af9d231e9681797a0b7bd626c4cdb146e1980d0c095f752147cfffd7652d
fictional-race-013-position_gain,fictional-race-013,train,position_gain,misleading_hint,draft,548,1,1,False,evidence-editor-v2,6c476ffa86f77dcba897bec88a7c7201e8a12e5111d389a4598442b947385e79
fictional-race-013-record_watch,fictional-race-013,train,record_watch,boundary,draft,558,1,1,False,evidence-editor-v2,d6e9cc3eb8f988502415825bbe29628dc286e38efdf9527561d3094e04fa2ade
fictional-race-013-cutoff_watch,fictional-race-013,train,cutoff_watch,complete,draft,565,1,1,False,evidence-editor-v2,e0fc869585dd8713cc696830066f43dd93813327bb99bda03c08148add932e48
fictional-race-013-pace_change,fictional-race-013,train,pace_change,missing,insufficient_evidence,484,1,0,False,evidence-editor-v2,0a6946ec9975cb97026a5d36a991a4834022ad8d87ba1b81168fbdef0eacdc5c
fictional-race-014-position_gain,fictional-race-014,train,position_gain,boundary,draft,532,1,1,False,evidence-editor-v2,05fd3ca80778be04131debfda214e50a51f7091d44a564c512a37d99c90a842a
fictional-race-014-record_watch,fictional-race-014,train,record_watch,complete,draft,570,1,1,False,evidence-editor-v2,38ef88e407314829b185fb4910c95d186813cd44f917f3c8393df6be471c1ff7
fictional-race-014-cutoff_watch,fictional-race-014,train,cutoff_watch,missing,insufficient_evidence,485,1,0,False,evidence-editor-v2,663e064c944dea1cb19ead0e63a194b4fade2b2c302c38e626cf0ec769184afd
fictional-race-014-pace_change,fictional-race-014,train,pace_change,contradictory,insufficient_evidence,616,2,2,False,evidence-editor-v2,f0e0e757f8a702a5b7a8049230a4d991e4ef7a4b777a6f5c106bcacff31c6cb2
fictional-race-015-position_gain,fictional-race-015,train,position_gain,complete,draft,531,1,1,False,evidence-editor-v2,92ec8bcab6745d63d47a038a36de458f517dfe6a99fb9672eaefd2874508f6b4
fictional-race-015-record_watch,fictional-race-015,train,record_watch,missing,insufficient_evidence,476,1,0,False,evidence-editor-v2,5446683854f7376ea6d21efa65b4e494dc053b2322ef8139746d96f37d7cf9f6
fictional-race-015-cutoff_watch,fictional-race-015,train,cutoff_watch,contradictory,insufficient_evidence,599,2,2,False,evidence-editor-v2,e94ca67fc28005506726e8cf27ee6ccf53307d9404a6b470484da1e8c66b5ff0
fictional-race-015-pace_change,fictional-race-015,train,pace_change,misleading_hint,draft,581,1,1,False,evidence-editor-v2,e999c955eb78f90188142c1190045d3136a4d8e807805c6a90ca26906abf56b2
fictional-race-016-position_gain,fictional-race-016,train,position_gain,missing,insufficient_evidence,482,1,0,False,evidence-editor-v2,dca74547d4b0734fda2517896f5711421f2a6d55aeddcd46c15e45cc1f714e18
fictional-race-016-record_watch,fictional-race-016,train,record_watch,contradictory,insufficient_evidence,604,2,2,False,evidence-editor-v2,7d8fb661de963368208de4189da20ba0fc11ec812aed21d56899fe6f7f55c148
fictional-race-016-cutoff_watch,fictional-race-016,train,cutoff_watch,misleading_hint,draft,569,1,1,False,evidence-editor-v2,32030a43a2b23e6f4db35ea9ef768ad6cca29f71b82f0c59dc125a5fea899e84
fictional-race-016-pace_change,fictional-race-016,train,pace_change,boundary,draft,565,1,1,False,evidence-editor-v2,6a98b08892ca828faf895343619d4e0633de94f0ceaf34035d15206e153e9eba
fictional-race-017-position_gain,fictional-race-017,train,position_gain,contradictory,insufficient_evidence,596,2,2,False,evidence-editor-v2,761064708d43c13429eb0c250d672665c717eacc83da524871d46fb55c35dac0
fictional-race-017-record_watch,fictional-race-017,train,record_watch,misleading_hint,draft,582,1,1,False,evidence-editor-v2,c2daf1c98915b6195b0444365ff1f6ef159a5eca473435c467c66ad91b2b402b
fictional-race-017-cutoff_watch,fictional-race-017,train,cutoff_watch,boundary,draft,549,1,1,False,evidence-editor-v2,b41dd8bb1cfb6e3332ee795e70e563250b7804ec698de5d56df6f12b4eb5051f
fictional-race-017-pace_change,fictional-race-017,train,pace_change,complete,draft,579,1,1,False,evidence-editor-v2,fe147b6e7f86dab281b67ee23ab17955de81c8a956b02ec6f6f7a428452f62a2
fictional-race-018-position_gain,fictional-race-018,train,position_gain,misleading_hint,draft,546,1,1,False,evidence-editor-v2,a17e7b3858353ff4a99e446eef37b3c932ecf9ab1b594de45a67f120c3e99155
fictional-race-018-record_watch,fictional-race-018,train,record_watch,boundary,draft,558,1,1,False,evidence-editor-v2,ee819f02dee542403a3898399a3d55bfe06e2c7fd741930f4283560c678ba92b
fictional-race-018-cutoff_watch,fictional-race-018,train,cutoff_watch,complete,draft,565,1,1,False,evidence-editor-v2,0bd46a1b3700731664292a8730a46b0806fad66b7bab4be3c31c627aed203ff2
fictional-race-018-pace_change,fictional-race-018,train,pace_change,missing,insufficient_evidence,482,1,0,False,evidence-editor-v2,10b90ff39ac97612035c3fca00ae1eb71a7bbe7426f4ee3f7b5c76ef526271be
fictional-race-019-position_gain,fictional-race-019,train,position_gain,boundary,draft,534,1,1,False,evidence-editor-v2,b6fc2afeeb9b3412d8c01c42782a5f9dc2564120ab486085f8dba87190b6748e
fictional-race-019-record_watch,fictional-race-019,train,record_watch,complete,draft,581,1,1,False,evidence-editor-v2,dff5b4476512b200c784619ccee7f70e1131b343c5842bba89682d45ea4000e1
fictional-race-019-cutoff_watch,fictional-race-019,train,cutoff_watch,missing,insufficient_evidence,487,1,0,False,evidence-editor-v2,aa46584f1cb9a567d6faf92df6e1c66818c1a514ea68d49f275c925f79fa85bf
fictional-race-019-pace_change,fictional-race-019,train,pace_change,contradictory,insufficient_evidence,616,2,2,False,evidence-editor-v2,e0812e1f7b52aba1b1bdb29cb953fa1eca7c15424ceb023d979c4734e3b29bb6
fictional-race-020-position_gain,fictional-race-020,train,position_gain,complete,draft,544,1,1,False,evidence-editor-v2,cd954d0cedd46ca7d4b845c469d55c2cec04c76fc24c572f93469a2a001ab7f4
fictional-race-020-record_watch,fictional-race-020,train,record_watch,missing,insufficient_evidence,482,1,0,False,evidence-editor-v2,aab37e6313f190892a07f6de5c3fb08e8777af5d9999019307551077f010dea3
fictional-race-020-cutoff_watch,fictional-race-020,train,cutoff_watch,contradictory,insufficient_evidence,607,2,2,False,evidence-editor-v2,94e2df76b6a9094a07f75582cc6eeef63be5d7fe90ccb2e564fdd32454c2b7b1
fictional-race-020-pace_change,fictional-race-020,train,pace_change,misleading_hint,draft,584,1,1,False,evidence-editor-v2,9ddf42da8ef309d403d9ce565ad9e3239ef2db8e28d40df5c585c1d6a0384d83
fictional-race-021-position_gain,fictional-race-021,train,position_gain,missing,insufficient_evidence,480,1,0,False,evidence-editor-v2,6e443d0dee386e53ecbac6b6fc1523fad48eeda274d22015e37294dabdee8164
fictional-race-021-record_watch,fictional-race-021,train,record_watch,contradictory,insufficient_evidence,602,2,2,False,evidence-editor-v2,e6ba2064aead0164528f037923456a77dfe8915e1941d9fba052651aab6af78d
fictional-race-021-cutoff_watch,fictional-race-021,train,cutoff_watch,misleading_hint,draft,571,1,1,False,evidence-editor-v2,cebbc937fb0f514dfc596ad32fffd3e95382c15e449e7ad1a08e955a017f83a9
fictional-race-021-pace_change,fictional-race-021,train,pace_change,boundary,draft,563,1,1,False,evidence-editor-v2,48b2e42afd72a53c3f2fcfe039848abb83e3adcfe751f26cb2d368d89a0df21f
fictional-race-022-position_gain,fictional-race-022,train,position_gain,contradictory,insufficient_evidence,596,2,2,False,evidence-editor-v2,d5ef9020977bab60335bd3acdaa3ded721dadf1362c967c14813a13ab191ca48
fictional-race-022-record_watch,fictional-race-022,train,record_watch,misleading_hint,draft,576,1,1,False,evidence-editor-v2,2d4fa869032653d19b1ff8c168ddd0096a333c3e31a54b1ca1902a8b8871efe9
fictional-race-022-cutoff_watch,fictional-race-022,train,cutoff_watch,boundary,draft,549,1,1,False,evidence-editor-v2,818f03e5b64f20e797b27c4b1cde79f42e07ab3fc0f3f307e6efc8d23bef810d
fictional-race-022-pace_change,fictional-race-022,train,pace_change,complete,draft,579,1,1,False,evidence-editor-v2,7927b29a7c713da655f184e557459eedc922c11ba9b85976b684def1a06325a0
fictional-race-023-position_gain,fictional-race-023,train,position_gain,misleading_hint,draft,544,1,1,False,evidence-editor-v2,3a3c7ef9c0113672a0d5dc85bc288aee5a941f44d7f3f7beb237fc7327a5ae37
fictional-race-023-record_watch,fictional-race-023,train,record_watch,boundary,draft,560,1,1,False,evidence-editor-v2,eb8f9ce9a1da68e993f9006ea2aac4682509a253350cbd50b724d132a00808a0
fictional-race-023-cutoff_watch,fictional-race-023,train,cutoff_watch,complete,draft,567,1,1,False,evidence-editor-v2,bb698364b16fa6d5894948295cbfb57850a9b52bd2dbc7b1b89205c98c5c7673
fictional-race-023-pace_change,fictional-race-023,train,pace_change,missing,insufficient_evidence,486,1,0,False,evidence-editor-v2,0558f108f7d3de4d84e9a1dc5165bece9b848a895abff3aefdaa06a555ce338e
fictional-race-024-position_gain,fictional-race-024,train,position_gain,boundary,draft,528,1,1,False,evidence-editor-v2,d7efb494ead77cbfb56ee22ea44fe77f8d2654f0fe7340dd7b3529afdde930d0
fictional-race-024-record_watch,fictional-race-024,train,record_watch,complete,draft,569,1,1,False,evidence-editor-v2,072bddf9a298293ebccf70c0c7c5ceeda87e7f0ba5c4f69e8d9b1580ead4e42b
fictional-race-024-cutoff_watch,fictional-race-024,train,cutoff_watch,missing,insufficient_evidence,481,1,0,False,evidence-editor-v2,46eba47552110fcc0f2794ae5b3eee9589150892726789aafb7c2b950c1082ac
fictional-race-024-pace_change,fictional-race-024,train,pace_change,contradictory,insufficient_evidence,612,2,2,False,evidence-editor-v2,e560f6bb8da5224d418efd1ae6bed96e09b01639c94e4bc3d66ac2fa7cd5f756
fictional-race-025-position_gain,fictional-race-025,train,position_gain,complete,draft,540,1,1,False,evidence-editor-v2,32fd206ca1288951bfccf92f032b4fd2b91174c55e2a52eb5f8b1b5b8cb34b58
fictional-race-025-record_watch,fictional-race-025,train,record_watch,missing,insufficient_evidence,479,1,0,False,evidence-editor-v2,12602309f7f58eab41bf5d8a321cdee3d10982c95ded4dfa3629ad6808f6a0bc
fictional-race-025-cutoff_watch,fictional-race-025,train,cutoff_watch,contradictory,insufficient_evidence,604,2,2,False,evidence-editor-v2,2dca8bdaca831a2c87b4de04f7ff05bf35f83b08f5950fbda62fd2122f789860
fictional-race-025-pace_change,fictional-race-025,train,pace_change,misleading_hint,draft,580,1,1,False,evidence-editor-v2,21e5e0e40fa94a0bf24ec552fbdff116aa393c52ff3e3a46471fe810f387d3fa
fictional-race-026-position_gain,fictional-race-026,train,position_gain,missing,insufficient_evidence,484,1,0,False,evidence-editor-v2,478a34467119ad89959d92ae14d9644de511825f856c0ac37b503155ee53d3b7
fictional-race-026-record_watch,fictional-race-026,train,record_watch,contradictory,insufficient_evidence,602,2,2,False,evidence-editor-v2,6a864fd4f0bb1db8e60cac6d93ff89c86c0143a3ff238d67b9f2ec452b44cea7
fictional-race-026-cutoff_watch,fictional-race-026,train,cutoff_watch,misleading_hint,draft,565,1,1,False,evidence-editor-v2,720ad5e63997e4d94cdca47fd2cb13f76595ac2f23568e2dfed1f1b7ae01ef33
fictional-race-026-pace_change,fictional-race-026,train,pace_change,boundary,draft,567,1,1,False,evidence-editor-v2,f2b16cfcf4ff3021333ec06d90e37055ef2cd6579e4dd2e8dbf1677346a522bf
fictional-race-027-position_gain,fictional-race-027,train,position_gain,contradictory,insufficient_evidence,588,2,2,False,evidence-editor-v2,fccfe7444891e6e98746bba633afcb6eeab407d828e7533038bca5e09eb51bae
fictional-race-027-record_watch,fictional-race-027,train,record_watch,misleading_hint,draft,579,1,1,False,evidence-editor-v2,ed7a5ee4b603b08a9af23af14411caf094e279c5935c9f2deedaad131092536a
fictional-race-027-cutoff_watch,fictional-race-027,train,cutoff_watch,boundary,draft,545,1,1,False,evidence-editor-v2,b4a9625646e5072fca1681275cdd4a3505a3a304c8412358f5291fd26cf5e840
fictional-race-027-pace_change,fictional-race-027,train,pace_change,complete,draft,575,1,1,False,evidence-editor-v2,cab25a6af15766c8dc2c1dfc31fbe434e180808d1179356e8a5ddccc544ca0b3
fictional-race-028-position_gain,fictional-race-028,train,position_gain,misleading_hint,draft,550,1,1,False,evidence-editor-v2,dfd7531c96b4907f8e15c8f15565256cc429d32183adf43424c3fe1e8b01b073
fictional-race-028-record_watch,fictional-race-028,train,record_watch,boundary,draft,560,1,1,False,evidence-editor-v2,2327de5c0e228d1bf97732493e06639a351f7cb9108f691da1bf63a696960fe2
fictional-race-028-cutoff_watch,fictional-race-028,train,cutoff_watch,complete,draft,561,1,1,False,evidence-editor-v2,e79d22bd16c4d597a2ce59324d99c1bfeae6146025d3319ff3d494cbfbf65907
fictional-race-028-pace_change,fictional-race-028,train,pace_change,missing,insufficient_evidence,484,1,0,False,evidence-editor-v2,7ba84e78433adaaa24167687504991c8a6f8854bf630f8766e0e2061e7741443
fictional-race-029-position_gain,fictional-race-029,train,position_gain,boundary,draft,534,1,1,False,evidence-editor-v2,31ccfbd34dacb0b943f2c6b88e2062bfc07acdaa899c4cf4095f013b9828406c
fictional-race-029-record_watch,fictional-race-029,train,record_watch,complete,draft,581,1,1,False,evidence-editor-v2,8c029476dce79a36f1f93c584112913bce4e3b206c1ed044107f7f41cb34dff3
fictional-race-029-cutoff_watch,fictional-race-029,train,cutoff_watch,missing,insufficient_evidence,487,1,0,False,evidence-editor-v2,a7021b7c8df0e92bef675256965b160f7856b4befbc3331a8f141d5a86fd5cd9
fictional-race-029-pace_change,fictional-race-029,train,pace_change,contradictory,insufficient_evidence,618,2,2,False,evidence-editor-v2,cbde24126f24f721e19b92bd4df53c05c6d17dc3fc04f57e9784e22348bcd344
fictional-race-030-position_gain,fictional-race-030,train,position_gain,complete,draft,536,1,1,False,evidence-editor-v2,34bf6f8e3ba8e73d06d054f9d228153dc0ac8851ff6141ef02ca086d702fa83d
fictional-race-030-record_watch,fictional-race-030,train,record_watch,missing,insufficient_evidence,480,1,0,False,evidence-editor-v2,a843e38d874106019558d2dc2364af9f8e1ffd30bd535ecfd20a3361038a83ca
fictional-race-030-cutoff_watch,fictional-race-030,train,cutoff_watch,contradictory,insufficient_evidence,601,2,2,False,evidence-editor-v2,3a0767166815b944c6954457e4c53e46f3aa4c878fd05dd28fd3e3979e6ee3eb
fictional-race-030-pace_change,fictional-race-030,train,pace_change,misleading_hint,draft,580,1,1,False,evidence-editor-v2,576100695cef34e308a8289aafd2b2ac265c8b9e60fb96f6aeb62e3f21784608
fictional-race-031-position_gain,fictional-race-031,train,position_gain,missing,insufficient_evidence,482,1,0,False,evidence-editor-v2,a74ea88f8d23e2a0c89ef2b26f60ef7bf726d4fa912838ca85aaceda2b97d897
fictional-race-031-record_watch,fictional-race-031,train,record_watch,contradictory,insufficient_evidence,604,2,2,False,evidence-editor-v2,5caa7a215ab33f9f388630867b76518764b8db76c96b1af9b98d6c41daaa8c1b
fictional-race-031-cutoff_watch,fictional-race-031,train,cutoff_watch,misleading_hint,draft,563,1,1,False,evidence-editor-v2,f2c50227c51ed6eee37aa4f709860835e163328438ccf5c9d56d6c587e5a1151
fictional-race-031-pace_change,fictional-race-031,train,pace_change,boundary,draft,565,1,1,False,evidence-editor-v2,de71dbede3def23eff12588b34a6a18a5567d079506074ad496b1d8d8c2c41a2
fictional-race-032-position_gain,fictional-race-032,train,position_gain,contradictory,insufficient_evidence,596,2,2,False,evidence-editor-v2,997f60af4b478c2721a6d3b176a48832bdfdae02089823492c0ff153d5be4482
fictional-race-032-record_watch,fictional-race-032,train,record_watch,misleading_hint,draft,582,1,1,False,evidence-editor-v2,2f723398467d3a665b89806cfef76a5f9b9126ff3c3ab4529362c405bf6412c2
fictional-race-032-cutoff_watch,fictional-race-032,train,cutoff_watch,boundary,draft,549,1,1,False,evidence-editor-v2,3bbbab26086293c8d1bb63b775b6f2d265dc9142d02127972b5fca6d41b7035c
fictional-race-032-pace_change,fictional-race-032,train,pace_change,complete,draft,579,1,1,False,evidence-editor-v2,aa6d76b82c9958a582d1a2b78a391002812c91ac81b4b7f1cc3745dcb0985c99
fictional-race-033-position_gain,fictional-race-033,train,position_gain,misleading_hint,draft,550,1,1,False,evidence-editor-v2,6ef6ceb6e33394cfae15d0f0396431ac78826feb7bced1829e7471af18df25e1
fictional-race-033-record_watch,fictional-race-033,train,record_watch,boundary,draft,556,1,1,False,evidence-editor-v2,bc83aff7f80d4d4eee0df9b40df4bd1a04cc148f6c622958bc0efacef93ceccb
fictional-race-033-cutoff_watch,fictional-race-033,train,cutoff_watch,complete,draft,563,1,1,False,evidence-editor-v2,ba0d63ee9a7a0bf9c1bf6435efdbc3f0074c003f04b5a4c463d431245f625c48
fictional-race-033-pace_change,fictional-race-033,train,pace_change,missing,insufficient_evidence,482,1,0,False,evidence-editor-v2,1438d7f1498f62034373388515a97949810b179adf999bd12a85b9c277afd7c3
fictional-race-034-position_gain,fictional-race-034,train,position_gain,boundary,draft,532,1,1,False,evidence-editor-v2,c3eefb451ec84c6e8b8184bb010cced44e420d2ef0e0c22cce067829e4fa2470
fictional-race-034-record_watch,fictional-race-034,train,record_watch,complete,draft,570,1,1,False,evidence-editor-v2,c3bfa4a1c1e64a90bf093ea939f2f8f72897dfd01b6cb67c280bfb34f2ababa2
fictional-race-034-cutoff_watch,fictional-race-034,train,cutoff_watch,missing,insufficient_evidence,485,1,0,False,evidence-editor-v2,c74674630d425c4ef95fed3fb82d8999f81044bfcb9b55aadce0f3d2efcc8e8c
fictional-race-034-pace_change,fictional-race-034,train,pace_change,contradictory,insufficient_evidence,614,2,2,False,evidence-editor-v2,141d74b876292788cf735c18f5cf5a06978dc60f0959df18075043242607c070
fictional-race-035-position_gain,fictional-race-035,train,position_gain,complete,draft,537,1,1,False,evidence-editor-v2,f776e5129811cb331bbe1f274c761567386524b317fc31b377648019c47b3421
fictional-race-035-record_watch,fictional-race-035,train,record_watch,missing,insufficient_evidence,482,1,0,False,evidence-editor-v2,ce2fda3efc13f2053c7d60d3938a53e5bb394e941f52b12be7ab3cc0181ff206
fictional-race-035-cutoff_watch,fictional-race-035,train,cutoff_watch,contradictory,insufficient_evidence,607,2,2,False,evidence-editor-v2,1b4279259207e850a60bea5c5ff32e077412b073b6fb378f1baa135a8703bdd9
fictional-race-035-pace_change,fictional-race-035,train,pace_change,misleading_hint,draft,577,1,1,False,evidence-editor-v2,eb798111780ea238e053e18c3d071e25cd3b555f6114286ef6531ee1db9b2cfd
fictional-race-036-position_gain,fictional-race-036,train,position_gain,missing,insufficient_evidence,478,1,0,False,evidence-editor-v2,dfda2dbd8642163bc168db70c7c428a3d61729a7f46c1f5d0413b872d3a784d5
fictional-race-036-record_watch,fictional-race-036,train,record_watch,contradictory,insufficient_evidence,600,2,2,False,evidence-editor-v2,07a4ad5e648d6f5a3a81d43ee7ccdcbd17375a13510e1078d4396616ee6944f8
fictional-race-036-cutoff_watch,fictional-race-036,train,cutoff_watch,misleading_hint,draft,563,1,1,False,evidence-editor-v2,14ea0b86ff23148c27e31be78d19e2ec692e9d9593524f283371876b9f5c1628
fictional-race-036-pace_change,fictional-race-036,train,pace_change,boundary,draft,561,1,1,False,evidence-editor-v2,930a8658f51da98975dc3eec7691ee7e00ca08789a40d7e445249e38b4b342df
fictional-race-037-position_gain,fictional-race-037,train,position_gain,contradictory,insufficient_evidence,592,2,2,False,evidence-editor-v2,35aca4485f481ed9961c5043841283e91056954c846661a5d5c78ec0b3d9594e
fictional-race-037-record_watch,fictional-race-037,train,record_watch,misleading_hint,draft,582,1,1,False,evidence-editor-v2,94c66c0a2d27a9b55e01ce209e6d842eae6759c9c6ba2a2515684dbbe908fd95
fictional-race-037-cutoff_watch,fictional-race-037,train,cutoff_watch,boundary,draft,549,1,1,False,evidence-editor-v2,43421f57a52a8501dc192182f7fdf55d2f980248aadf26f5aa91f46e53c3c503
fictional-race-037-pace_change,fictional-race-037,train,pace_change,complete,draft,579,1,1,False,evidence-editor-v2,7e1a5ba03135ce9e5eb06e5fedfc41c54f725125f4328a631f628e1afa05b168
fictional-race-038-position_gain,fictional-race-038,train,position_gain,misleading_hint,draft,546,1,1,False,evidence-editor-v2,f6111614f1c37c0db49198a0b576b907245a43f51aa6a4cb925fd9322c3a1e77
fictional-race-038-record_watch,fictional-race-038,train,record_watch,boundary,draft,562,1,1,False,evidence-editor-v2,05c99f45541bf94edc52a3287a6e2eac359f27f6773176703d67bb5f68022df8
fictional-race-038-cutoff_watch,fictional-race-038,train,cutoff_watch,complete,draft,569,1,1,False,evidence-editor-v2,0b4b3ae09b3d28a4d891ee75bbbc78d3fe8805659835791b68828ca55c547fdf
fictional-race-038-pace_change,fictional-race-038,train,pace_change,missing,insufficient_evidence,486,1,0,False,evidence-editor-v2,bbc474b4328639afeb9773ad2bd3b3d12dbb619fc97f54f52af076d932367e82
fictional-race-039-position_gain,fictional-race-039,train,position_gain,boundary,draft,530,1,1,False,evidence-editor-v2,9a75969d4124f64360f465a3af96accbd31d9138368b237316d5c6d42c2a839c
fictional-race-039-record_watch,fictional-race-039,train,record_watch,complete,draft,571,1,1,False,evidence-editor-v2,b42bb5a4da4ab60fee978e779e9341118aa8e306576604fa42a47ce3bd9a2a2e
fictional-race-039-cutoff_watch,fictional-race-039,train,cutoff_watch,missing,insufficient_evidence,483,1,0,False,evidence-editor-v2,0f1395433533fd052a100e6aaf8c320c5a769e9a6fe1290868c089a94fd138ca
fictional-race-039-pace_change,fictional-race-039,train,pace_change,contradictory,insufficient_evidence,614,2,2,False,evidence-editor-v2,b7250d47c9670cfdf0ff902458eb09757666e569325d7679f39e126e8acc62be
fictional-race-040-position_gain,fictional-race-040,train,position_gain,complete,draft,546,1,1,False,evidence-editor-v2,f107d41490224aede593083ea38c5a5066d31cc740931af84cd7d7b054908aba
fictional-race-040-record_watch,fictional-race-040,train,record_watch,missing,insufficient_evidence,484,1,0,False,evidence-editor-v2,0a60f803245bdbf31c1ba31f67c9aa429af829e37d366dfa5e8484a15a54dacf
fictional-race-040-cutoff_watch,fictional-race-040,train,cutoff_watch,contradictory,insufficient_evidence,609,2,2,False,evidence-editor-v2,2caff0f129918af23534f262fc241598bd82e7de5172f98a898102e7d774b38d
fictional-race-040-pace_change,fictional-race-040,train,pace_change,misleading_hint,draft,586,1,1,False,evidence-editor-v2,cdbb9b94e1cd4a8176659bce747fdc9ecf3b525d19ab0b22cfd4cb6da21095a2
fictional-race-041-position_gain,fictional-race-041,train,position_gain,missing,insufficient_evidence,484,1,0,False,evidence-editor-v2,974f3c9fdbe79e756e455dab0e11fd17a09e53c0b21bd0400dafb657ca20b91f
fictional-race-041-record_watch,fictional-race-041,train,record_watch,contradictory,insufficient_evidence,602,2,2,False,evidence-editor-v2,a885dd2c3379929ec681dc7046db4e9832230a78bf59670b890f5a1bccbe4a12
fictional-race-041-cutoff_watch,fictional-race-041,train,cutoff_watch,misleading_hint,draft,565,1,1,False,evidence-editor-v2,21d8fba4722377798a13cc7307acc79300f3b0e68caa41537fae0ea704ccae22
fictional-race-041-pace_change,fictional-race-041,train,pace_change,boundary,draft,567,1,1,False,evidence-editor-v2,5c2b53e80105b56154591fb907797e50d38f4a66ff34f2dc4a112d8ae2321132
fictional-race-042-position_gain,fictional-race-042,train,position_gain,contradictory,insufficient_evidence,590,2,2,False,evidence-editor-v2,c27a18d67ac96cb77df11f3e6b461ca8179b2b21266fcb9b7eff1dc1323f290e
fictional-race-042-record_watch,fictional-race-042,train,record_watch,misleading_hint,draft,574,1,1,False,evidence-editor-v2,95f4ea239c3f7b0d6d4aa3c3984aecd5bf0a67783429c3fba5fca41d29f1b157
fictional-race-042-cutoff_watch,fictional-race-042,train,cutoff_watch,boundary,draft,543,1,1,False,evidence-editor-v2,ec6e204ba8b7bdee22085edc20ca3730c51b98ca675211d7409457cbe2e0f909
fictional-race-042-pace_change,fictional-race-042,train,pace_change,complete,draft,573,1,1,False,evidence-editor-v2,b094084496a1e46300c973eb27ab1d08478e5c11e51478c45ebbb688400c9a1d
fictional-race-043-position_gain,fictional-race-043,train,position_gain,misleading_hint,draft,543,1,1,False,evidence-editor-v2,d9baa83142ed0ca15659dc09b07e3ba209bca5ef679269ea4c9003d0e57777a8
fictional-race-043-record_watch,fictional-race-043,train,record_watch,boundary,draft,559,1,1,False,evidence-editor-v2,51110d22681d3e17c69d2897d837ba0ce587a5593c165926812ff671699a147b
fictional-race-043-cutoff_watch,fictional-race-043,train,cutoff_watch,complete,draft,566,1,1,False,evidence-editor-v2,d2c1878dc29582998f487170b3056a01617fd129d90139f98134d75fd4b2e1e0
fictional-race-043-pace_change,fictional-race-043,train,pace_change,missing,insufficient_evidence,485,1,0,False,evidence-editor-v2,c6929cd33380215ff6b0c396b3a6a762a27fafd6e2eda360f74c8263f639e78b
fictional-race-044-position_gain,fictional-race-044,train,position_gain,boundary,draft,534,1,1,False,evidence-editor-v2,3a04a2c1850f944370947e74d8dc0993e4d3cc038344169b3fb08e55aa2d1c6f
fictional-race-044-record_watch,fictional-race-044,train,record_watch,complete,draft,581,1,1,False,evidence-editor-v2,808b8048d725be633bacff0e3eec4aab124696eae6be7e61e3536eb29a270fdb
fictional-race-044-cutoff_watch,fictional-race-044,train,cutoff_watch,missing,insufficient_evidence,487,1,0,False,evidence-editor-v2,a607deb772066f0a037af0720acc82d725d16fd0a67eb2cf372436fff8faf2d1
fictional-race-044-pace_change,fictional-race-044,train,pace_change,contradictory,insufficient_evidence,618,2,2,False,evidence-editor-v2,b714ae24bfe7ae7faba5e3649419d212fbe2e0a0ac0c75fd3102c3584dd0faad
fictional-race-045-position_gain,fictional-race-045,train,position_gain,complete,draft,537,1,1,False,evidence-editor-v2,f37642695543b453ec302809e91875ce9bc4ca6704c6fa5a84cb84d63caa184c
fictional-race-045-record_watch,fictional-race-045,train,record_watch,missing,insufficient_evidence,476,1,0,False,evidence-editor-v2,c7f71f2536db6f78ee57b5d72e283d35855b002204b2eb7063638ffd55bce374
fictional-race-045-cutoff_watch,fictional-race-045,train,cutoff_watch,contradictory,insufficient_evidence,597,2,2,False,evidence-editor-v2,a58ccd9951f0203ea9f5a0455a831d4f991a20955c14334dbc8bcdb377931289
fictional-race-045-pace_change,fictional-race-045,train,pace_change,misleading_hint,draft,575,1,1,False,evidence-editor-v2,54b0a795d672f17987359bc57abced91a71aee7b3a50b804a14615ecac5d2e15
fictional-race-046-position_gain,fictional-race-046,train,position_gain,missing,insufficient_evidence,482,1,0,False,evidence-editor-v2,c01db8d0444a7188ae35fb7efd4188ec3e910ab082d8eb602162a9674007ed32
fictional-race-046-record_watch,fictional-race-046,train,record_watch,contradictory,insufficient_evidence,604,2,2,False,evidence-editor-v2,17e180b67f96fab97ed1ff97d95cdf90463e8ce8ffe87765921eacd48f120263
fictional-race-046-cutoff_watch,fictional-race-046,train,cutoff_watch,misleading_hint,draft,563,1,1,False,evidence-editor-v2,02d900631b785960e7c6311c9c2042ba62a4b5c13e8b0af256c24dde610ff0fc
fictional-race-046-pace_change,fictional-race-046,train,pace_change,boundary,draft,565,1,1,False,evidence-editor-v2,876413edc0eb6ffdd7ca6c488169c4b4f13abb2515aa6abe61f9712c433de9da
fictional-race-047-position_gain,fictional-race-047,train,position_gain,contradictory,insufficient_evidence,596,2,2,False,evidence-editor-v2,42c877e03fcf5abb2c89e4ac80d1017e54cadb27986f6d4070098f536ba4c677
fictional-race-047-record_watch,fictional-race-047,train,record_watch,misleading_hint,draft,582,1,1,False,evidence-editor-v2,e5b875aa7a17b9f0303b51e3dee98c598937c734a23859b87e1657ffa5781391
fictional-race-047-cutoff_watch,fictional-race-047,train,cutoff_watch,boundary,draft,549,1,1,False,evidence-editor-v2,68032897e9ba4e1e5c03bc91fdefac8ccb9a2a3a72a032092aefe78ea4e68e0a
fictional-race-047-pace_change,fictional-race-047,train,pace_change,complete,draft,579,1,1,False,evidence-editor-v2,ba3a3055208eabd1ddc44f3cb0bb505d5731b385fc921512153fb4e079e80ec9
fictional-race-048-position_gain,fictional-race-048,train,position_gain,misleading_hint,draft,551,1,1,False,evidence-editor-v2,be0068d542e4f98822748a23bedf7fcaf15cd4ca29b32fb2838b8370368fbed9
fictional-race-048-record_watch,fictional-race-048,train,record_watch,boundary,draft,557,1,1,False,evidence-editor-v2,4a1042d65bba12ac4637433bd2d9597570b5be0f8ec6745b63eb9585094227c5
fictional-race-048-cutoff_watch,fictional-race-048,train,cutoff_watch,complete,draft,564,1,1,False,evidence-editor-v2,7bfce7f3fc28be5134b6fd382578d974394c64f01d6d11b13b931efa0fa2b26b
fictional-race-048-pace_change,fictional-race-048,train,pace_change,missing,insufficient_evidence,481,1,0,False,evidence-editor-v2,0972104117e7a5b428093e7ec4a7905da2337b49d23b6edefac03f3cbc382ec5
fictional-race-049-position_gain,fictional-race-049,train,position_gain,boundary,draft,534,1,1,False,evidence-editor-v2,13f7ba2968d67f454094fb75ae17e23db64fe7be5a0b7f62b7e85792c56e892d
fictional-race-049-record_watch,fictional-race-049,train,record_watch,complete,draft,581,1,1,False,evidence-editor-v2,fdfc188febf3ec17baa7384af87c52770a27909f7a19303f1663102a248980ff
fictional-race-049-cutoff_watch,fictional-race-049,train,cutoff_watch,missing,insufficient_evidence,487,1,0,False,evidence-editor-v2,b10b90cb18817c4519a76b054dbd09d912cde87e484456c4f533afa07599f0fc
fictional-race-049-pace_change,fictional-race-049,train,pace_change,contradictory,insufficient_evidence,614,2,2,False,evidence-editor-v2,dc971ee0813e57cfd203ea5ff9efa7e3bbaa2eded3d47b7e1833806db394cb6a
fictional-race-050-position_gain,fictional-race-050,train,position_gain,complete,draft,540,1,1,False,evidence-editor-v2,8371eb7fe75a2f7d87499e3d05d0f610dd8ae13b04b982071883de6ef356e1a0
fictional-race-050-record_watch,fictional-race-050,train,record_watch,missing,insufficient_evidence,484,1,0,False,evidence-editor-v2,d663b8d506af5d9ca5f071c70f296795bba1026d9b5785abe400bcba3ff0a8a7
fictional-race-050-cutoff_watch,fictional-race-050,train,cutoff_watch,contradictory,insufficient_evidence,607,2,2,False,evidence-editor-v2,503559edcb8b5bcbb10de3cbdff649a70456dd52d7cef301e6cf2e8b5166304c
fictional-race-050-pace_change,fictional-race-050,train,pace_change,misleading_hint,draft,586,1,1,False,evidence-editor-v2,3c7ddeee17508e1cd653b58e4b930b3ed113e5bf04fee1e2f0690623b6d9e02c
fictional-race-051-position_gain,fictional-race-051,train,position_gain,missing,insufficient_evidence,480,1,0,False,evidence-editor-v2,7e778147a21192b22abaf02184b29b71094c4de64374c73a9c4c4ea09e1cc175
fictional-race-051-record_watch,fictional-race-051,train,record_watch,contradictory,insufficient_evidence,598,2,2,False,evidence-editor-v2,01d28994bde3d7da201ecc9d49d23a452921b3fb0b9928603cd44285c0b8cdd0
fictional-race-051-cutoff_watch,fictional-race-051,train,cutoff_watch,misleading_hint,draft,571,1,1,False,evidence-editor-v2,b308e8adc58ab1a8312ff1cf5c3809854482b38ddc26ca4902bd21e4fbf2bc28
fictional-race-051-pace_change,fictional-race-051,train,pace_change,boundary,draft,563,1,1,False,evidence-editor-v2,dc76223db145faf42452ed30848f2f117f7e9ebe4403000869bcf668b1ec7a4c
fictional-race-052-position_gain,fictional-race-052,train,position_gain,contradictory,insufficient_evidence,594,2,2,False,evidence-editor-v2,acab93770a9408f7f3574ca6a69e6811ca9f5b8514fcb4ce65f99deba44f8020
fictional-race-052-record_watch,fictional-race-052,train,record_watch,misleading_hint,draft,580,1,1,False,evidence-editor-v2,72875fca6b0fdc6f70b57b469bb77b1d27f48bc79a951828518a733a4d07e132
fictional-race-052-cutoff_watch,fictional-race-052,train,cutoff_watch,boundary,draft,547,1,1,False,evidence-editor-v2,a946f720b2d6ba8d6e7a24b538ce2f6218f0a1d8f9b4ef8d064b1a2a6c44425b
fictional-race-052-pace_change,fictional-race-052,train,pace_change,complete,draft,577,1,1,False,evidence-editor-v2,0dec1180e5c36895e456099d2b30b1f13fecdeab67a1a0f8391d10a639dd28e2
fictional-race-053-position_gain,fictional-race-053,train,position_gain,misleading_hint,draft,544,1,1,False,evidence-editor-v2,3375937836629c97a6c3cad728117ffe23fe76ee8c7af48770b49232b33d9d0b
fictional-race-053-record_watch,fictional-race-053,train,record_watch,boundary,draft,560,1,1,False,evidence-editor-v2,d280428334ffddd40570f617a872f15fc143ec9596128d568c72be187cd01ad8
fictional-race-053-cutoff_watch,fictional-race-053,train,cutoff_watch,complete,draft,567,1,1,False,evidence-editor-v2,99a2248f4d32df6027c595e239fe989904a6d76ccce54fe0c1aa6511e4a27e55
fictional-race-053-pace_change,fictional-race-053,train,pace_change,missing,insufficient_evidence,486,1,0,False,evidence-editor-v2,472c08035fe11bbd78f27bf0abe6e97c6095fd55a16a8725fa138c8bef8f35d0
fictional-race-054-position_gain,fictional-race-054,train,position_gain,boundary,draft,528,1,1,False,evidence-editor-v2,f3ea8f036827827e10d1683bb970b6fcc08061241fbc42d463a0564c1fc5a28e
fictional-race-054-record_watch,fictional-race-054,train,record_watch,complete,draft,575,1,1,False,evidence-editor-v2,b187a778b86fa85aeaea0ad199edf9d8fe25af9b9a7bac556e092f0ec3ef8255
fictional-race-054-cutoff_watch,fictional-race-054,train,cutoff_watch,missing,insufficient_evidence,481,1,0,False,evidence-editor-v2,47744bca8dbd479302f1dba5b019fbf14c932b36316c56258a22275b7dbbd668
fictional-race-054-pace_change,fictional-race-054,train,pace_change,contradictory,insufficient_evidence,612,2,2,False,evidence-editor-v2,ea44899534ea159ac656c20407fa214e967e698246b5846479608bbd6f0705e6
fictional-race-055-position_gain,fictional-race-055,train,position_gain,complete,draft,535,1,1,False,evidence-editor-v2,4e49ea2ed1cc7960e8800261152c1f93992de7f633c9428b965a8e987d818b04
fictional-race-055-record_watch,fictional-race-055,train,record_watch,missing,insufficient_evidence,480,1,0,False,evidence-editor-v2,c2a21085159327b0af4c2fcd6adffd2c8a300fedeaab7a825202c341bf85ba22
fictional-race-055-cutoff_watch,fictional-race-055,train,cutoff_watch,contradictory,insufficient_evidence,605,2,2,False,evidence-editor-v2,3691f38954906abbdda9bee3bf4f120fc06d611d7296cba6e2e4ee63544a726f
fictional-race-055-pace_change,fictional-race-055,train,pace_change,misleading_hint,draft,581,1,1,False,evidence-editor-v2,3aa59e9a3ef9f3820aac96ed561698445edf8251c7a270ee8637bc25e6561a15
fictional-race-056-position_gain,fictional-race-056,train,position_gain,missing,insufficient_evidence,484,1,0,False,evidence-editor-v2,ce17fc943542bbe0250a075ecc5d406ebeb69fd8fd39e560a1a9952be5fee186
fictional-race-056-record_watch,fictional-race-056,train,record_watch,contradictory,insufficient_evidence,602,2,2,False,evidence-editor-v2,0d9aff70ed3b626ccafd0f7062012d466648620efa9f30ff7142a5f6ace7479a
fictional-race-056-cutoff_watch,fictional-race-056,train,cutoff_watch,misleading_hint,draft,565,1,1,False,evidence-editor-v2,9a421e06ccdcb3cbdebbf0527af9b36c2cc9bae6d452f62698689c3ea4b5f021
fictional-race-056-pace_change,fictional-race-056,train,pace_change,boundary,draft,567,1,1,False,evidence-editor-v2,5f8d6a45a176894fa275890a284e0b1f84466c1c34145ff45c8ada34d3b6cf83
fictional-race-057-position_gain,fictional-race-057,train,position_gain,contradictory,insufficient_evidence,588,2,2,False,evidence-editor-v2,fcb6ca66d12b5a0d46e57dd18600796bdf2567473444234928930d84624f2995
fictional-race-057-record_watch,fictional-race-057,train,record_watch,misleading_hint,draft,580,1,1,False,evidence-editor-v2,138b58aa38abf954348e63982ca599b8b3f2ce7249c9427bef2dd16571f3934e
fictional-race-057-cutoff_watch,fictional-race-057,train,cutoff_watch,boundary,draft,543,1,1,False,evidence-editor-v2,74b456b75b735a6aff90099ae491507303170176ac3c42220c3171948fb85384
fictional-race-057-pace_change,fictional-race-057,train,pace_change,complete,draft,573,1,1,False,evidence-editor-v2,cb37c57a03c9ed72267435e8ab105a94636b21663f0383b9e971c98342d20d74
fictional-race-058-position_gain,fictional-race-058,train,position_gain,misleading_hint,draft,552,1,1,False,evidence-editor-v2,fee4c5b1e13428fc3564620422a7107d158f780156bd2ac7aac95e47440ccc5c
fictional-race-058-record_watch,fictional-race-058,train,record_watch,boundary,draft,562,1,1,False,evidence-editor-v2,73e1517747a4d12b46a3ad61acd687af25d64795ed8340a3e51d38d4202f43e7
fictional-race-058-cutoff_watch,fictional-race-058,train,cutoff_watch,complete,draft,569,1,1,False,evidence-editor-v2,724b73a2b1b83b8862a2168a32a457c7a991c3b40ec963ab6f6d6838bb093fd8
fictional-race-058-pace_change,fictional-race-058,train,pace_change,missing,insufficient_evidence,486,1,0,False,evidence-editor-v2,9741c2408c89ccd8ccbefae7c5dbb88ff2829ecca0adf9dbefcc58482315434d
fictional-race-059-position_gain,fictional-race-059,train,position_gain,boundary,draft,532,1,1,False,evidence-editor-v2,ce69e7e8fd136ef39ee449780b1239c21515c619ae52a1f5a644bbad63b8b6ea
fictional-race-059-record_watch,fictional-race-059,train,record_watch,complete,draft,570,1,1,False,evidence-editor-v2,75a9761b00a32245c02d2b59784999b9b5a7bdf83b3d276faf286ec13b55c8c6
fictional-race-059-cutoff_watch,fictional-race-059,train,cutoff_watch,missing,insufficient_evidence,485,1,0,False,evidence-editor-v2,3d21e9c15f5a82fafb159444088cdc68cc6cdbc7fd9dccb57d9837eae7717de7
fictional-race-059-pace_change,fictional-race-059,train,pace_change,contradictory,insufficient_evidence,612,2,2,False,evidence-editor-v2,30f6a6ee3b2945d949cc96fe2e0c233677b015f7344dcb7ac70e97960fedf244
fictional-race-060-position_gain,fictional-race-060,train,position_gain,complete,draft,542,1,1,False,evidence-editor-v2,ddbfe08d5f7fba5d55259ab95e0c0875809fc3311fc19e9b99133296e48a678d
fictional-race-060-record_watch,fictional-race-060,train,record_watch,missing,insufficient_evidence,480,1,0,False,evidence-editor-v2,c4147a84c6220cfef750415c856ae9ca2506258c9a87f42b5ea6e6b0f407e3fa
fictional-race-060-cutoff_watch,fictional-race-060,train,cutoff_watch,contradictory,insufficient_evidence,605,2,2,False,evidence-editor-v2,003cfbf3745b07a75e665053a960fe393dab3c95726f5515f63b2a4025bb6bc7
fictional-race-060-pace_change,fictional-race-060,train,pace_change,misleading_hint,draft,586,1,1,False,evidence-editor-v2,50798e078a4a936836e5eece130b9676dd1119c2036b2b21a974b74a5e72e5eb
fictional-race-061-position_gain,fictional-race-061,train,position_gain,missing,insufficient_evidence,482,1,0,False,evidence-editor-v2,6eddb2309a8ee0a1bf8c29d9e0019d55e6c3fc39609c805b0ffb765ebbae9775
fictional-race-061-record_watch,fictional-race-061,train,record_watch,contradictory,insufficient_evidence,600,2,2,False,evidence-editor-v2,3a68085af38fefa51ccdce395796f37dea7330aa341cffe1037d60b813e5b89e
fictional-race-061-cutoff_watch,fictional-race-061,train,cutoff_watch,misleading_hint,draft,563,1,1,False,evidence-editor-v2,75c02e8002e66c1e6d5aeee37286b848ed7f0ce639621271319f8937c6f53188
fictional-race-061-pace_change,fictional-race-061,train,pace_change,boundary,draft,565,1,1,False,evidence-editor-v2,ce3197d323a08061629c7af1c0db87bd51f215f6467238c5e13f9d6fd86eec37
fictional-race-062-position_gain,fictional-race-062,train,position_gain,contradictory,insufficient_evidence,595,2,2,False,evidence-editor-v2,e46231d5c102facc77a0896f4035d7dbac6ebbe1407015e257cacf141deea4e6
fictional-race-062-record_watch,fictional-race-062,train,record_watch,misleading_hint,draft,581,1,1,False,evidence-editor-v2,f40e27ddfc2770537f41808510ff120cb59a605c95b2fffa32d3d238c641525a
fictional-race-062-cutoff_watch,fictional-race-062,train,cutoff_watch,boundary,draft,548,1,1,False,evidence-editor-v2,e3200b1da9d1336c100515626aabf6df52873868609fbe0be740f00cb683bd99
fictional-race-062-pace_change,fictional-race-062,train,pace_change,complete,draft,578,1,1,False,evidence-editor-v2,3a3ca8e31b7ca53a3ba4c3e5ce9ffa889ffbd7f2d10b1ed1fa0de910818cea69
fictional-race-063-position_gain,fictional-race-063,train,position_gain,misleading_hint,draft,548,1,1,False,evidence-editor-v2,c668f8b845fb0f00ab61c4e0b506a85ae785ddc964a0872576d93eca4ca74aad
fictional-race-063-record_watch,fictional-race-063,train,record_watch,boundary,draft,554,1,1,False,evidence-editor-v2,0647fc24166a8c50d3c48886fef5d574376f76fdc86b257c8ed153af3ebdcf63
fictional-race-063-cutoff_watch,fictional-race-063,train,cutoff_watch,complete,draft,561,1,1,False,evidence-editor-v2,96e69eda7f4816f04c3c47f54ec259d5dbb34cb476759a0e8196d59e9bc61a0c
fictional-race-063-pace_change,fictional-race-063,train,pace_change,missing,insufficient_evidence,480,1,0,False,evidence-editor-v2,fe5cf5f9a6d72dcae2c67b39185e660ba04b5930557eaf6c55ba07c9a2f5e04f
fictional-race-064-position_gain,fictional-race-064,train,position_gain,boundary,draft,534,1,1,False,evidence-editor-v2,deb00f37e1d9f94776a4e51283f152233c8ac0b45df3723b79d4f96ecd2a4a8c
fictional-race-064-record_watch,fictional-race-064,train,record_watch,complete,draft,572,1,1,False,evidence-editor-v2,da2db0b17c4a134ba58b0f28dd2965180afa3e7e107027b031f1172de60c3cf7
fictional-race-064-cutoff_watch,fictional-race-064,train,cutoff_watch,missing,insufficient_evidence,487,1,0,False,evidence-editor-v2,35c3763e5d5a179317e8ddca0d0666b9444f5a2abd73b02d56fbb41148f82979
fictional-race-064-pace_change,fictional-race-064,train,pace_change,contradictory,insufficient_evidence,618,2,2,False,evidence-editor-v2,86326403442b062e27f878569875ddd98f06f99c6afb6950d30e6a027cb1a825
fictional-race-065-position_gain,fictional-race-065,train,position_gain,complete,draft,541,1,1,False,evidence-editor-v2,8e728b38214ce352df78d390a67aa4726982198fe33e7f26ae11510aa61404f8
fictional-race-065-record_watch,fictional-race-065,train,record_watch,missing,insufficient_evidence,480,1,0,False,evidence-editor-v2,2e5e5fb01bb9f73501473c234868952067463afdea1da9266009990ffe2af2ec
fictional-race-065-cutoff_watch,fictional-race-065,train,cutoff_watch,contradictory,insufficient_evidence,601,2,2,False,evidence-editor-v2,1bc00522b4146351e5d53886b9734643953926ec84e2b956e4d3a02f83a4e0d1
fictional-race-065-pace_change,fictional-race-065,train,pace_change,misleading_hint,draft,581,1,1,False,evidence-editor-v2,7f0e05201c2bf792f08e4b725634aac09f1fe6e6564254e5aa93875450c2b4bf
fictional-race-066-position_gain,fictional-race-066,train,position_gain,missing,insufficient_evidence,479,1,0,False,evidence-editor-v2,079ea0c0e1f87c2107ef711cd8ca7a0d446df4b1ff6574a6dcbdb73798e2f34f
fictional-race-066-record_watch,fictional-race-066,train,record_watch,contradictory,insufficient_evidence,597,2,2,False,evidence-editor-v2,e53cdf7d6293a5af8ceaf23f8f9a5d9da4ee53d8dd4575f003d8fdae4b0832b7
fictional-race-066-cutoff_watch,fictional-race-066,train,cutoff_watch,misleading_hint,draft,570,1,1,False,evidence-editor-v2,a4b5c1c25b4f374d82237e8170b944e344ab85e6431e1e76609d05411c9bb48d
fictional-race-066-pace_change,fictional-race-066,train,pace_change,boundary,draft,562,1,1,False,evidence-editor-v2,cb06be782c088ce15c1e2ee250ae92f8608bd462b6113f59d31139c13f02ad26
fictional-race-067-position_gain,fictional-race-067,train,position_gain,contradictory,insufficient_evidence,596,2,2,False,evidence-editor-v2,831c9c4b16af32a6a2bbbbdcd8349e6f6e63fed5b6777e6ccec9ce3e7394f38c
fictional-race-067-record_watch,fictional-race-067,train,record_watch,misleading_hint,draft,573,1,1,False,evidence-editor-v2,b81a23c07e5bc2490e6480c8a1199d412d8707ef9c9a5c6b272451da53e2ca79
fictional-race-067-cutoff_watch,fictional-race-067,train,cutoff_watch,boundary,draft,549,1,1,False,evidence-editor-v2,c862e495e777b3ebd0525f06ddacd5c25d2bf639c6b848c6dceb19d9e25bfc66
fictional-race-067-pace_change,fictional-race-067,train,pace_change,complete,draft,573,1,1,False,evidence-editor-v2,35256ac76da0d45c5636fa4c2594522575866cd5617c07be5e13c89e39569515
fictional-race-068-position_gain,fictional-race-068,train,position_gain,misleading_hint,draft,550,1,1,False,evidence-editor-v2,a19058fa9805b6381d1edc0d0451cd1bd70c9dfcb2dfe929b14af7b2461e2169
fictional-race-068-record_watch,fictional-race-068,train,record_watch,boundary,draft,560,1,1,False,evidence-editor-v2,5121e787789597d866dd753fa58f69c842a598898c39b28761ae57837ac17687
fictional-race-068-cutoff_watch,fictional-race-068,train,cutoff_watch,complete,draft,567,1,1,False,evidence-editor-v2,1991f0fc48a75bbb009cbf3f58e0ddf8d32215e3d23ac347a90068764e2bb54d
fictional-race-068-pace_change,fictional-race-068,train,pace_change,missing,insufficient_evidence,484,1,0,False,evidence-editor-v2,02d36a45786d982d880d4826eb5759229a51649dc3812fcc9210c18cd6b407c1
fictional-race-069-position_gain,fictional-race-069,train,position_gain,boundary,draft,530,1,1,False,evidence-editor-v2,6877b65069f7874ccf1cb9d13bde99da828e2debb2fb1ef24843ecb080f1f030
fictional-race-069-record_watch,fictional-race-069,train,record_watch,complete,draft,577,1,1,False,evidence-editor-v2,6dfe465bf8b6e20f9dbd10e5719576ce8176fbd0a9075914962ff11d50b3ff13
fictional-race-069-cutoff_watch,fictional-race-069,train,cutoff_watch,missing,insufficient_evidence,483,1,0,False,evidence-editor-v2,9e32d02a721fd510ffd104c96694ebe835fe6010fd194ce239ffdd0d93b3617d
fictional-race-069-pace_change,fictional-race-069,train,pace_change,contradictory,insufficient_evidence,614,2,2,False,evidence-editor-v2,64e6f65549f967e80a20eb041ba40ae617073223ce90ca150dce7c777ad37fa0
fictional-race-070-position_gain,fictional-race-070,train,position_gain,complete,draft,548,1,1,False,evidence-editor-v2,a6d46fefe2f5d9cc2683e04511c68f6d6862ae404dd9260492d555c517ce337b
fictional-race-070-record_watch,fictional-race-070,train,record_watch,missing,insufficient_evidence,486,1,0,False,evidence-editor-v2,4d9fa1e42df8862ead2e5d56d15af6c48a7da11d879b67920a48b02d8f527bf1
fictional-race-070-cutoff_watch,fictional-race-070,train,cutoff_watch,contradictory,insufficient_evidence,609,2,2,False,evidence-editor-v2,a3519b599b1aa27abbda13f6cf19a54b2d285b4350e6dfd4dd2479bc5d86eee9
fictional-race-070-pace_change,fictional-race-070,train,pace_change,misleading_hint,draft,594,1,1,False,evidence-editor-v2,2422b9b3ed6d07580ddc5f8e73283e9fa3010350b03ebec217e675ea5b698645
fictional-race-071-position_gain,fictional-race-071,train,position_gain,missing,insufficient_evidence,486,1,0,False,evidence-editor-v2,12d5e015c972f14dd9a2596d4bca3e3610ffc655cdb4887415bed48d0d50e967
fictional-race-071-record_watch,fictional-race-071,train,record_watch,contradictory,insufficient_evidence,608,2,2,False,evidence-editor-v2,f8817c108936ebc8cd74102f6da2ad06784e236b1437c19f1f4e4b359f1b9846
fictional-race-071-cutoff_watch,fictional-race-071,train,cutoff_watch,misleading_hint,draft,579,1,1,False,evidence-editor-v2,6f740f272fc19f35669cabec0fdde0ba9eb3f50606f7221a49e35ad693368192
fictional-race-071-pace_change,fictional-race-071,train,pace_change,boundary,draft,575,1,1,False,evidence-editor-v2,1d2487dea58b906f5b3f3acd5fcb6ca2935063457a697eea70e8b68e4b0a2e75
fictional-race-072-position_gain,fictional-race-072,train,position_gain,contradictory,insufficient_evidence,590,2,2,False,evidence-editor-v2,cd5714c4da675d8ebf2d8804eb5cef16727e96f3470ff829c1c01f1f65f31d3c
fictional-race-072-record_watch,fictional-race-072,train,record_watch,misleading_hint,draft,587,1,1,False,evidence-editor-v2,f8f5ccd584bcdb7558f495799bda9b218c116fef3acbb6b6e1c0f1f45de94cfc
fictional-race-072-cutoff_watch,fictional-race-072,train,cutoff_watch,boundary,draft,553,1,1,False,evidence-editor-v2,ea94ed0592bb15358d26945a4788e037ad98f9ee0063b0488f545692a516a668
fictional-race-072-pace_change,fictional-race-072,train,pace_change,complete,draft,577,1,1,False,evidence-editor-v2,c56218a55c2755bee7064d13cee835c3f7f19f6b9fd23f53e9d1f4694da353d6
fictional-race-073-position_gain,fictional-race-073,train,position_gain,misleading_hint,draft,554,1,1,False,evidence-editor-v2,3413f9384c9420fe26befd73c2641a0ee54bc7fcb32fadbe0daa7b4fb0a62eb0
fictional-race-073-record_watch,fictional-race-073,train,record_watch,boundary,draft,570,1,1,False,evidence-editor-v2,216896c351021b38956187c6f85f2c5681076f2514fe99427619e9e4460389ee
fictional-race-073-cutoff_watch,fictional-race-073,train,cutoff_watch,complete,draft,577,1,1,False,evidence-editor-v2,bdfe41dc4a3d50812f8cf93d54e0e5072673c9c894343128d66c3189e304b903
fictional-race-073-pace_change,fictional-race-073,train,pace_change,missing,insufficient_evidence,490,1,0,False,evidence-editor-v2,50787bcfd1ff855aec15b7742d8cdf621f837393fe2a53878d20dffc6606c5ea
fictional-race-074-position_gain,fictional-race-074,train,position_gain,boundary,draft,544,1,1,False,evidence-editor-v2,88ed5a9eb5a037653334841d4b19be1502265318f7e05795dca21634feab1f1b
fictional-race-074-record_watch,fictional-race-074,train,record_watch,complete,draft,585,1,1,False,evidence-editor-v2,0d1529b19f813a7c214daa7be3f9c2d3c32fe364af0a741237f09b50b957fb83
fictional-race-074-cutoff_watch,fictional-race-074,train,cutoff_watch,missing,insufficient_evidence,491,1,0,False,evidence-editor-v2,1f7fb5da723945d62ad2a6ecd2558eba0c320b9900bb5af1e94206c27563e764
fictional-race-074-pace_change,fictional-race-074,train,pace_change,contradictory,insufficient_evidence,622,2,2,False,evidence-editor-v2,65698c10d985d68aa39203b87cec8e0840fc217c9cf8dd1c61b877e965423642
fictional-race-075-position_gain,fictional-race-075,train,position_gain,complete,draft,543,1,1,False,evidence-editor-v2,0fc89ddee2f6ce696f4f33d0601db5d32c45b21e2ddc7119cc0b40272acd2d41
fictional-race-075-record_watch,fictional-race-075,train,record_watch,missing,insufficient_evidence,482,1,0,False,evidence-editor-v2,6c4cdd6976c97d37652527843379b4960029330d30c4a0ed17452c9ea98f18e7
fictional-race-075-cutoff_watch,fictional-race-075,train,cutoff_watch,contradictory,insufficient_evidence,607,2,2,False,evidence-editor-v2,cacd2b0efc030735915075b30eec9577c44b5dfcaba7339500084ce48c1fa11b
fictional-race-075-pace_change,fictional-race-075,train,pace_change,misleading_hint,draft,593,1,1,False,evidence-editor-v2,d4ca0c7be5eda6850c80c4e7ce90f8a68065ccf5a132f6e44278f4d6ae6e8011
fictional-race-076-position_gain,fictional-race-076,train,position_gain,missing,insufficient_evidence,486,1,0,False,evidence-editor-v2,970d3f8595515a63b102ac5d9d86f55319855cae5919eea8d8ebaeb7367c1977
fictional-race-076-record_watch,fictional-race-076,train,record_watch,contradictory,insufficient_evidence,602,2,2,False,evidence-editor-v2,b66995e78cdcf7f280ef7365a4eb332df33d0a0a8d05ccf72b388c7cfc4212e1
fictional-race-076-cutoff_watch,fictional-race-076,train,cutoff_watch,misleading_hint,draft,579,1,1,False,evidence-editor-v2,b126cf2fda046d085f17a84e24d467a223d3c7e109fa7569ae0c4a84dbe5a457
fictional-race-076-pace_change,fictional-race-076,train,pace_change,boundary,draft,575,1,1,False,evidence-editor-v2,16a30c31daa5c2fb223ea1095a2a05d52c284507f2555c45706f9dacb987dfae
fictional-race-077-position_gain,fictional-race-077,train,position_gain,contradictory,insufficient_evidence,594,2,2,False,evidence-editor-v2,a0e5c3eaabce7899e2fb58717a4f7194bf3fcc00e460481a6f98c08e766df773
fictional-race-077-record_watch,fictional-race-077,train,record_watch,misleading_hint,draft,590,1,1,False,evidence-editor-v2,728ea01e2bce5685294b8aecf40b9b97df10ed189bd9d708c72004ae78d07f43
fictional-race-077-cutoff_watch,fictional-race-077,train,cutoff_watch,boundary,draft,557,1,1,False,evidence-editor-v2,63aea316231ac1c4c3ed0b87f7b5d6e9ba88b3c762630c84f7fc581ffff8017f
fictional-race-077-pace_change,fictional-race-077,train,pace_change,complete,draft,587,1,1,False,evidence-editor-v2,fd888102705358dc1c0767c0516d766152bb26d6e90d0c69c63daf7a67a4efd9
fictional-race-078-position_gain,fictional-race-078,train,position_gain,misleading_hint,draft,554,1,1,False,evidence-editor-v2,9dade939c1d204ea4753f94d38bd071a839d139f4f20bd7f9cae6f7a8e68d471
fictional-race-078-record_watch,fictional-race-078,train,record_watch,boundary,draft,566,1,1,False,evidence-editor-v2,4763b0e0d7f78d176be6c9c6fe34f6aba902f9c9566db116daa804ad66d135cd
fictional-race-078-cutoff_watch,fictional-race-078,train,cutoff_watch,complete,draft,573,1,1,False,evidence-editor-v2,cff610514f0306500f317108bf404143101b2d89c3aa333682ff325816c4d384
fictional-race-078-pace_change,fictional-race-078,train,pace_change,missing,insufficient_evidence,484,1,0,False,evidence-editor-v2,5c73330a2f14ef86496c21cb1f91df89c94ebe0411d0807c01e49aca3b2f4497
fictional-race-079-position_gain,fictional-race-079,train,position_gain,boundary,draft,542,1,1,False,evidence-editor-v2,a0b096d5288490651f04a2317a867534de609ecb99454d92541e309910b6dd54
fictional-race-079-record_watch,fictional-race-079,train,record_watch,complete,draft,583,1,1,False,evidence-editor-v2,469bae3e989b54938fcf03e5f2effc371009983061320102f91a657760884412
fictional-race-079-cutoff_watch,fictional-race-079,train,cutoff_watch,missing,insufficient_evidence,489,1,0,False,evidence-editor-v2,3b75beda3a77a3aeace4d5f1b6bfc4feb67cf1f490a9566e31d4a5103afa3517
fictional-race-079-pace_change,fictional-race-079,train,pace_change,contradictory,insufficient_evidence,618,2,2,False,evidence-editor-v2,1ba076e7a8fc897a4983ee436cc5e48a900248ef83775ebad6b81a2589988fb2
fictional-race-080-position_gain,fictional-race-080,train,position_gain,complete,draft,538,1,1,False,evidence-editor-v2,74e9c605ad3290b3211bccb97bed68f0883eab6ad461cd4226e2e68cd6bd0c03
fictional-race-080-record_watch,fictional-race-080,train,record_watch,missing,insufficient_evidence,482,1,0,False,evidence-editor-v2,fa718bd6fbf79a8d8d19b2b317162ec96c52c48b41b4f18d7fcc64d5217b8d17
fictional-race-080-cutoff_watch,fictional-race-080,train,cutoff_watch,contradictory,insufficient_evidence,607,2,2,False,evidence-editor-v2,677837bb7b6299e19a929bb01716baab42b1e4d6fda5bc5b6f1c7ddae16ecc1e
fictional-race-080-pace_change,fictional-race-080,train,pace_change,misleading_hint,draft,584,1,1,False,evidence-editor-v2,6d7b19046dc80644a849b30e464141857fceb01a484820234369beeca03b2b01
fictional-race-081-position_gain,fictional-race-081,train,position_gain,missing,insufficient_evidence,480,1,0,False,evidence-editor-v2,4569b84d5cfdeb117009866bb141bc7ba3455cff3880d072844756ea60d33d6a
fictional-race-081-record_watch,fictional-race-081,train,record_watch,contradictory,insufficient_evidence,596,2,2,False,evidence-editor-v2,9fe88489bfcac2c1c390dcdab4a0c79eeb32eaf356618866f8cd4938ff43b0b5
fictional-race-081-cutoff_watch,fictional-race-081,train,cutoff_watch,misleading_hint,draft,565,1,1,False,evidence-editor-v2,f470863f9489e8d3b38d74ef811e62a5461a85e621084961a17a26a6b3cb2658
fictional-race-081-pace_change,fictional-race-081,train,pace_change,boundary,draft,563,1,1,False,evidence-editor-v2,e13c448ed0ba4f191cdc6fd5bbc1e88d2f2352f23bfcb10f80f34eb128796b11
fictional-race-082-position_gain,fictional-race-082,train,position_gain,contradictory,insufficient_evidence,596,2,2,False,evidence-editor-v2,7891ba25f77c0dadbcd53dc735cc271a0eb362d6296e8a9d85cd968b4bc08b02
fictional-race-082-record_watch,fictional-race-082,train,record_watch,misleading_hint,draft,582,1,1,False,evidence-editor-v2,af308443b1b9f2e4926a475a0cb486a5611056fb5c5af19c5ebd5ea5e6f87c94
fictional-race-082-cutoff_watch,fictional-race-082,train,cutoff_watch,boundary,draft,549,1,1,False,evidence-editor-v2,978780088abf084b7c9feb1e2a5666568a4352e439a2d5d2d15a7f9b367bf0f6
fictional-race-082-pace_change,fictional-race-082,train,pace_change,complete,draft,579,1,1,False,evidence-editor-v2,78ae5aae3ddb3e732bcaaac69ca78ee93f39388ee63e86e9ee6a0db3e91796b3
fictional-race-083-position_gain,fictional-race-083,train,position_gain,misleading_hint,draft,544,1,1,False,evidence-editor-v2,e5d20b4fa91f70712c65a39d7a898ee1264f33e2e9450f68b8c7d78c1ba684e6
fictional-race-083-record_watch,fictional-race-083,train,record_watch,boundary,draft,560,1,1,False,evidence-editor-v2,1975b91670b235fd91efc3c3549a0254501e7725f419cfc27b838a14186f1333
fictional-race-083-cutoff_watch,fictional-race-083,train,cutoff_watch,complete,draft,561,1,1,False,evidence-editor-v2,c58ffaf9f478cf637ab430d7b611af9ede56fbe81a9e6ae01ca194bc5a382a04
fictional-race-083-pace_change,fictional-race-083,train,pace_change,missing,insufficient_evidence,486,1,0,False,evidence-editor-v2,11d8e87b1a2afa540384a2b81561cf39c1293271684fbf1dadb942f46271acd4
fictional-race-084-position_gain,fictional-race-084,train,position_gain,boundary,draft,530,1,1,False,evidence-editor-v2,d00f24f001bc46950838eed4d9c7d7442816d15c5aaa6de653793a7e5a76d311
fictional-race-084-record_watch,fictional-race-084,train,record_watch,complete,draft,577,1,1,False,evidence-editor-v2,44cdf59e506930d958b4c61414ef77489cbaa73fa5817e8b6cf0bc81d48d43e2
fictional-race-084-cutoff_watch,fictional-race-084,train,cutoff_watch,missing,insufficient_evidence,483,1,0,False,evidence-editor-v2,83a85db8ff96c882533a7b7f5b4da5d47088eb89de7322d6af3e2865aac74fcd
fictional-race-084-pace_change,fictional-race-084,train,pace_change,contradictory,insufficient_evidence,614,2,2,False,evidence-editor-v2,34e1e05ccdd5a5735245fd0101708e69a8c881f205e0005c03cfa50e85342cf1
fictional-race-085-position_gain,fictional-race-085,train,position_gain,complete,draft,535,1,1,False,evidence-editor-v2,4cd9e538594affd0aaec933da53f02ab10e0b855456fa799f8ef1dd8731e37f8
fictional-race-085-record_watch,fictional-race-085,train,record_watch,missing,insufficient_evidence,480,1,0,False,evidence-editor-v2,20c2561ef80e8f361d0d115838a7fa301380283721f73eaecf1f034f357cc20b
fictional-race-085-cutoff_watch,fictional-race-085,train,cutoff_watch,contradictory,insufficient_evidence,605,2,2,False,evidence-editor-v2,5da4432d8ea1444a021174d3a7eba67f37cea32ddc2255f92180271ab6f2e309
fictional-race-085-pace_change,fictional-race-085,train,pace_change,misleading_hint,draft,581,1,1,False,evidence-editor-v2,e0a5689c27f360fdcc0e24350f641dbf0cefa10d29e3d06d6aed056755fc2197
fictional-race-086-position_gain,fictional-race-086,train,position_gain,missing,insufficient_evidence,484,1,0,False,evidence-editor-v2,286687d29b1d57ab7fd314f82116f35e47d7f8d4ca2c2f2a50f2dd000815ec3b
fictional-race-086-record_watch,fictional-race-086,train,record_watch,contradictory,insufficient_evidence,602,2,2,False,evidence-editor-v2,81e4a03036bb0d974a68906bdbad6db7b451946c5caff2a403d6ada87c17fee1
fictional-race-086-cutoff_watch,fictional-race-086,train,cutoff_watch,misleading_hint,draft,565,1,1,False,evidence-editor-v2,cdf32c38313b61a843b4e9c12ce871952718c5b1d42b97cc6707e0c28b239eb8
fictional-race-086-pace_change,fictional-race-086,train,pace_change,boundary,draft,567,1,1,False,evidence-editor-v2,5e94891349aad1ad3f6f0a5137b5a6a965b2270de14a9d6a470f87fdf162f832
fictional-race-087-position_gain,fictional-race-087,train,position_gain,contradictory,insufficient_evidence,588,2,2,False,evidence-editor-v2,5786187c2f9d313b35f341bad48515dabdee9f16ba58979d9811f406da4bc97c
fictional-race-087-record_watch,fictional-race-087,train,record_watch,misleading_hint,draft,577,1,1,False,evidence-editor-v2,51cb570e51bbff11c5aa509355dab6e174120b8f09b4b59b35649988d2701e8a
fictional-race-087-cutoff_watch,fictional-race-087,train,cutoff_watch,boundary,draft,543,1,1,False,evidence-editor-v2,056ec689f7aabc6b5282d5befbc4c4eba99073d476784a71482b661bf68c6875
fictional-race-087-pace_change,fictional-race-087,train,pace_change,complete,draft,567,1,1,False,evidence-editor-v2,118e99a7a235188f0bb5cb74d54307c51b68e099779ea12070a9f01bed9c75c8
fictional-race-088-position_gain,fictional-race-088,train,position_gain,misleading_hint,draft,546,1,1,False,evidence-editor-v2,4d1da29209b4338c4419c9dbed57b28a3cb011f04a512c68c8822c4d5a1179db
fictional-race-088-record_watch,fictional-race-088,train,record_watch,boundary,draft,562,1,1,False,evidence-editor-v2,b8ca841f0ddab472085e3e051d14e258d1f64f0578dda11c70ccb571daa6adb5
fictional-race-088-cutoff_watch,fictional-race-088,train,cutoff_watch,complete,draft,569,1,1,False,evidence-editor-v2,797ecd895c565df96ae1959c81e62040ad6ebc2e705f42afb6e0ebaca2c62174
fictional-race-088-pace_change,fictional-race-088,train,pace_change,missing,insufficient_evidence,486,1,0,False,evidence-editor-v2,4ef6f8b78a4441d929353df52a4fc3eb19dbee90891e285b1ba34f0dfae0e759
fictional-race-089-position_gain,fictional-race-089,train,position_gain,boundary,draft,534,1,1,False,evidence-editor-v2,edeecb46ea8b530dcb5c1b6c6720c2a4cec00f8b8a4ced6142ec071739923429
fictional-race-089-record_watch,fictional-race-089,train,record_watch,complete,draft,581,1,1,False,evidence-editor-v2,4e827089a19ae841de1e9f3430a82995f9d0a821ec88bc0a6e7990ef7c0bd871
fictional-race-089-cutoff_watch,fictional-race-089,train,cutoff_watch,missing,insufficient_evidence,487,1,0,False,evidence-editor-v2,6db51921f9218f2098b736726b11e3e4925cd5c43d83211f7c2e1f872be90b5b
fictional-race-089-pace_change,fictional-race-089,train,pace_change,contradictory,insufficient_evidence,614,2,2,False,evidence-editor-v2,ca72068836936fb2fa8aea538900d56a96a640f0f23f631b26c5d2a9a2a2612d
fictional-race-090-position_gain,fictional-race-090,train,position_gain,complete,draft,542,1,1,False,evidence-editor-v2,7759a1fe37f97bff409c6d6177545cb6af1efa3a6fde20c256f3bb07dea8c4af
fictional-race-090-record_watch,fictional-race-090,train,record_watch,missing,insufficient_evidence,480,1,0,False,evidence-editor-v2,4586f97a72494db02e7a0a4cb54d54d8f5c3f296e0c2f822579b422604010102
fictional-race-090-cutoff_watch,fictional-race-090,train,cutoff_watch,contradictory,insufficient_evidence,603,2,2,False,evidence-editor-v2,309e717794d5713d3ce81093e99fc1dc9215a115f9be8c663bf5a60856e12200
fictional-race-090-pace_change,fictional-race-090,train,pace_change,misleading_hint,draft,586,1,1,False,evidence-editor-v2,67a32b8108ae0c506a910b6b01d25d631ebc566e4a6b75bb21ea6025fcd0c050
fictional-race-091-position_gain,fictional-race-091,train,position_gain,missing,insufficient_evidence,482,1,0,False,evidence-editor-v2,62afc992006cdd338f86b205a56fb90457015bfcafcf64d9816f8e13b9f4b562
fictional-race-091-record_watch,fictional-race-091,train,record_watch,contradictory,insufficient_evidence,600,2,2,False,evidence-editor-v2,5e2d06d593fe0a829b088d58b6af71e57a0d3c22b4142bea2b65f3bc9a1ffc87
fictional-race-091-cutoff_watch,fictional-race-091,train,cutoff_watch,misleading_hint,draft,563,1,1,False,evidence-editor-v2,0ee66b4e7288972bd74234144cb95552b252d3c624b2a08862e5ccfb7466b63b
fictional-race-091-pace_change,fictional-race-091,train,pace_change,boundary,draft,565,1,1,False,evidence-editor-v2,b26762b197a9a240d5dd54d153be891db26031df0701c2411a76efaf2460cfc1
fictional-race-092-position_gain,fictional-race-092,train,position_gain,contradictory,insufficient_evidence,594,2,2,False,evidence-editor-v2,82390f8e8630e0b22399965e766cc13e0f397fc457b1897f9ae1da32c968a32e
fictional-race-092-record_watch,fictional-race-092,train,record_watch,misleading_hint,draft,573,1,1,False,evidence-editor-v2,55ceba06e088d62f33441096793c0600ee106abe94ccda6ee6630bfa734c8f0b
fictional-race-092-cutoff_watch,fictional-race-092,train,cutoff_watch,boundary,draft,549,1,1,False,evidence-editor-v2,eea6ac14b4821073e62f92c1921aad6c48339ceeccb1b22a03317d1d717efff5
fictional-race-092-pace_change,fictional-race-092,train,pace_change,complete,draft,579,1,1,False,evidence-editor-v2,e6fc458c57afe9cae8e78d00028a602d31037124fe3089063aab27bc8c0fff39
fictional-race-093-position_gain,fictional-race-093,train,position_gain,misleading_hint,draft,536,1,1,False,evidence-editor-v2,aac54561fd685e744c0620425adeb01c401a8bc025257d76925f1dabee19a919
fictional-race-093-record_watch,fictional-race-093,train,record_watch,boundary,draft,554,1,1,False,evidence-editor-v2,df6390ab015a7a3bd7c8f2f575c676a77fecd84e215ba130c2d2021499d6ae98
fictional-race-093-cutoff_watch,fictional-race-093,train,cutoff_watch,complete,draft,561,1,1,False,evidence-editor-v2,493ced54a66f303ff73140f11de04476d0f88334f36bead87787192c380abee3
fictional-race-093-pace_change,fictional-race-093,train,pace_change,missing,insufficient_evidence,480,1,0,False,evidence-editor-v2,3a3ef375c2d2b7dfaab3ff30898856fb141cab8585a79d5e7bbda02e163793dd
fictional-race-094-position_gain,fictional-race-094,train,position_gain,boundary,draft,532,1,1,False,evidence-editor-v2,d78ff405c9fa5bf9c312bd54f5cec9deea7dbc5c6e9a2144e31bd68604092d7e
fictional-race-094-record_watch,fictional-race-094,train,record_watch,complete,draft,576,1,1,False,evidence-editor-v2,cd5f5daf9eb3d18c42ce5495ccb8fae81664924312c94843f29c8084c6456624
fictional-race-094-cutoff_watch,fictional-race-094,train,cutoff_watch,missing,insufficient_evidence,485,1,0,False,evidence-editor-v2,1f2977b0bb1489c33aca14ea05d166368d6ee6fffa46bae13f1480a9c741454f
fictional-race-094-pace_change,fictional-race-094,train,pace_change,contradictory,insufficient_evidence,612,2,2,False,evidence-editor-v2,bdbd5acd1be3ccc1f3d5c8bf00b27c033066d43a76edb90dd2918779fcf79626
fictional-race-095-position_gain,fictional-race-095,train,position_gain,complete,draft,537,1,1,False,evidence-editor-v2,20f3fe8b7cdf9d7642cc309a34727021d02fff8cdc33a71a85b0ad794b30dc4b
fictional-race-095-record_watch,fictional-race-095,train,record_watch,missing,insufficient_evidence,482,1,0,False,evidence-editor-v2,d3525db8e35ce7b5a1e243a741067f486f217c233c4f2928594a5c3834ed9974
fictional-race-095-cutoff_watch,fictional-race-095,train,cutoff_watch,contradictory,insufficient_evidence,607,2,2,False,evidence-editor-v2,5482768871b6c3b0d5d63346db3cec33cf399724088c8dcf659c6e5e571abdf3
fictional-race-095-pace_change,fictional-race-095,train,pace_change,misleading_hint,draft,583,1,1,False,evidence-editor-v2,346bc5ae386610767250163977280593f97899044927ed1cc826d56fc2d115b8
fictional-race-096-position_gain,fictional-race-096,train,position_gain,missing,insufficient_evidence,478,1,0,False,evidence-editor-v2,49e0dee9732e5446d84356dd5cff756c9ab40e651f9924f39192fa080c1baf49
fictional-race-096-record_watch,fictional-race-096,train,record_watch,contradictory,insufficient_evidence,600,2,2,False,evidence-editor-v2,9876a32453cf6ddb814a54d65bde2b2cbdc2b799d9418cc28f2136abf47ae706
fictional-race-096-cutoff_watch,fictional-race-096,train,cutoff_watch,misleading_hint,draft,569,1,1,False,evidence-editor-v2,05445b7637fcf86ef2f5b8af04faf836c3a09968f8e5128da8f6ff1c745cecf5
fictional-race-096-pace_change,fictional-race-096,train,pace_change,boundary,draft,561,1,1,False,evidence-editor-v2,05f9f236552b10ca8c92b82424a4470312fa83e0ff576801cc2aebd2c7c02b99
fictional-race-097-position_gain,fictional-race-097,train,position_gain,contradictory,insufficient_evidence,594,2,2,False,evidence-editor-v2,fe32e08226968d5d385c64da95befe87f3881584578d3a7222b6d1b6f6035b35
fictional-race-097-record_watch,fictional-race-097,train,record_watch,misleading_hint,draft,571,1,1,False,evidence-editor-v2,2d0c10218de6b12acc6a291844309582f7804da8268125b96970174ff917b735
fictional-race-097-cutoff_watch,fictional-race-097,train,cutoff_watch,boundary,draft,547,1,1,False,evidence-editor-v2,2074ecd4f97eebf0ab0e57376ef6fd2e40b3c7f34526795a3483b207690438e3
fictional-race-097-pace_change,fictional-race-097,train,pace_change,complete,draft,577,1,1,False,evidence-editor-v2,2869291d8749cf88d7022c6728fdef3604d4bafc6675b73f161a6e8b4d6571e8
fictional-race-098-position_gain,fictional-race-098,train,position_gain,misleading_hint,draft,550,1,1,False,evidence-editor-v2,55337b6ff4ed5c382997cb4c9b10cc67312a326eb628b451863bb2ae6fe54cbd
fictional-race-098-record_watch,fictional-race-098,train,record_watch,boundary,draft,560,1,1,False,evidence-editor-v2,d23b225b0590ec20b27d31b25c8686ce4b80e10026944d5a79dd8bbfbd36b131
fictional-race-098-cutoff_watch,fictional-race-098,train,cutoff_watch,complete,draft,567,1,1,False,evidence-editor-v2,cbdfbdfae6e1b6f85353c1879a3318a9dda9639849f760795a3fcb56dd08a794
fictional-race-098-pace_change,fictional-race-098,train,pace_change,missing,insufficient_evidence,484,1,0,False,evidence-editor-v2,350267d5113e6cfd924f43f6971fc4cbcb294f0b8c7569a96435ff2612dcb3c6
fictional-race-099-position_gain,fictional-race-099,train,position_gain,boundary,draft,530,1,1,False,evidence-editor-v2,261f82cee0255a90575b0500edb552cba2350a7a2f8acfe70a72464b4e7dc357
fictional-race-099-record_watch,fictional-race-099,train,record_watch,complete,draft,571,1,1,False,evidence-editor-v2,611e6bf246ffd99140224febc95630894c8e6c66f8aba15c36a1d097d1caca68
fictional-race-099-cutoff_watch,fictional-race-099,train,cutoff_watch,missing,insufficient_evidence,483,1,0,False,evidence-editor-v2,57694b2b339494804d6658f782518e1b771952af2dd91508eaca287c915849a4
fictional-race-099-pace_change,fictional-race-099,train,pace_change,contradictory,insufficient_evidence,614,2,2,False,evidence-editor-v2,d0754aa766fd702bdeddeba12ac9492657755d528a4393705d45ce27d1a6ca83
fictional-race-100-position_gain,fictional-race-100,validation,position_gain,complete,draft,545,1,1,False,evidence-editor-v2,fab9479273697702ff104c06dc5b3801aace7aca51c595c0acc0d975938a7340
fictional-race-100-record_watch,fictional-race-100,validation,record_watch,missing,insufficient_evidence,483,1,0,False,evidence-editor-v2,909402ede051f2b806042ef50f817c2a68216e38f0b647e6d5d6177f505b5c06
fictional-race-100-cutoff_watch,fictional-race-100,validation,cutoff_watch,contradictory,insufficient_evidence,608,2,2,False,evidence-editor-v2,fd92bea37c7cd21d16fe573be9a5ef2ad4f176bde80c06b268c0671d87be5d50
fictional-race-100-pace_change,fictional-race-100,validation,pace_change,misleading_hint,draft,579,1,1,False,evidence-editor-v2,16363c5ed98f2ad50c5b6d8eb1f93440a72bba8fa92f79b0e54f807a3366d286
fictional-race-101-position_gain,fictional-race-101,validation,position_gain,missing,insufficient_evidence,482,1,0,False,evidence-editor-v2,a601bf753f7f08ba674051e265d8375dcccb383a8acb86d4b4211950482f2230
fictional-race-101-record_watch,fictional-race-101,validation,record_watch,contradictory,insufficient_evidence,604,2,2,False,evidence-editor-v2,f9920aed1666f269ea2bdb65640cdc0bf879979f1c391211c85dfcb3b553ac98
fictional-race-101-cutoff_watch,fictional-race-101,validation,cutoff_watch,misleading_hint,draft,569,1,1,False,evidence-editor-v2,e1c76cf87c418257c7fed5fbfed3e9d5bc70f6dffbc1a0ac8842a38707cde8cf
fictional-race-101-pace_change,fictional-race-101,validation,pace_change,boundary,draft,565,1,1,False,evidence-editor-v2,2f41aafea55fe654ebe9ea98dda8587e12062a46384f13ea70f1ce44362b249a
fictional-race-102-position_gain,fictional-race-102,validation,position_gain,contradictory,insufficient_evidence,590,2,2,False,evidence-editor-v2,0dfa22d36fe2faaa5d79a004f42692c94d002bf46a9f3b749a326260a2b90ad1
fictional-race-102-record_watch,fictional-race-102,validation,record_watch,misleading_hint,draft,571,1,1,False,evidence-editor-v2,fe1ebc44494b3ccdf7e49b993d10d2f44cbbc6387b621b60ed0771056e1faff8
fictional-race-102-cutoff_watch,fictional-race-102,validation,cutoff_watch,boundary,draft,543,1,1,False,evidence-editor-v2,ac5c9866fe88031db5e956d96e765f9f67b76d7b2bda8b2acb6683f1b14f49e8
fictional-race-102-pace_change,fictional-race-102,validation,pace_change,complete,draft,573,1,1,False,evidence-editor-v2,9bd92022dc72822f7799b6dd39313c5d762bc7cecd44e8f75a776d30cb8366c7
fictional-race-103-position_gain,fictional-race-103,validation,position_gain,misleading_hint,draft,544,1,1,False,evidence-editor-v2,3e803e3fe715bd61e867323fe8dfe9155bd7e039f223676f14340f64266616d2
fictional-race-103-record_watch,fictional-race-103,validation,record_watch,boundary,draft,560,1,1,False,evidence-editor-v2,2c9b1978beef924b594d3f9b212e0c3c6a193172164c2eace637a2b9690a7875
fictional-race-103-cutoff_watch,fictional-race-103,validation,cutoff_watch,complete,draft,561,1,1,False,evidence-editor-v2,2172f5c0c4b1db776a81e2c8bd05f82170034ca135504325bcb4b9a25275ce47
fictional-race-103-pace_change,fictional-race-103,validation,pace_change,missing,insufficient_evidence,486,1,0,False,evidence-editor-v2,5122dd82e3a635a75c0c61bf369f7f7b23179d0183a7696544172ef750080791
fictional-race-104-position_gain,fictional-race-104,validation,position_gain,boundary,draft,534,1,1,False,evidence-editor-v2,949335e576eb72f5cec5213a2b011e9dd03c51a24596b48285a2024ae5270b5c
fictional-race-104-record_watch,fictional-race-104,validation,record_watch,complete,draft,578,1,1,False,evidence-editor-v2,2a44084fbe0cc2ab798629d2336e1581409fa85a8bea2aea140ccf1a8334bdd3
fictional-race-104-cutoff_watch,fictional-race-104,validation,cutoff_watch,missing,insufficient_evidence,487,1,0,False,evidence-editor-v2,b2d283e28511f1f5cd3730cbbeec087effc5650eecde8b8bddcc2eb0d8dfaabb
fictional-race-104-pace_change,fictional-race-104,validation,pace_change,contradictory,insufficient_evidence,618,2,2,False,evidence-editor-v2,d611328b08119fb2612e791b135302f2b35b6d79dba44eff452c81ecab4ac6c8
fictional-race-105-position_gain,fictional-race-105,validation,position_gain,complete,draft,531,1,1,False,evidence-editor-v2,5d55ea0511b10bfad8736bec35471add55220b38afc2ca7a9ac9147032af117c
fictional-race-105-record_watch,fictional-race-105,validation,record_watch,missing,insufficient_evidence,476,1,0,False,evidence-editor-v2,b36ba0da56fbb9895b7a075f156a610604607d44cac7ab7b7dd860667f81f72c
fictional-race-105-cutoff_watch,fictional-race-105,validation,cutoff_watch,contradictory,insufficient_evidence,599,2,2,False,evidence-editor-v2,fa914d4b892d25826f55d202bb3f6476789c95b34782d8a8cc71d448960cc14e
fictional-race-105-pace_change,fictional-race-105,validation,pace_change,misleading_hint,draft,581,1,1,False,evidence-editor-v2,02cd9f2f19439ee9794cb4d5db1c51a3a64f10d15db397bef73ab7de7d2ddbd3
fictional-race-106-position_gain,fictional-race-106,validation,position_gain,missing,insufficient_evidence,482,1,0,False,evidence-editor-v2,ba7ead648d590ca0d37da03f6e1f67a5be3897485720b1066591c280bfff3b35
fictional-race-106-record_watch,fictional-race-106,validation,record_watch,contradictory,insufficient_evidence,600,2,2,False,evidence-editor-v2,42124e484a6f2b53e7486206519d387ed3db6917f88866321b287c206002fcec
fictional-race-106-cutoff_watch,fictional-race-106,validation,cutoff_watch,misleading_hint,draft,563,1,1,False,evidence-editor-v2,573736143eab41374558d353c44ae7f3f5b5fc1b2baa17cc98d00b49f19abe25
fictional-race-106-pace_change,fictional-race-106,validation,pace_change,boundary,draft,565,1,1,False,evidence-editor-v2,338428d0977877806e522cfeb44fda4857407d4ad9d28ea9369c70e28d2e18f2
fictional-race-107-position_gain,fictional-race-107,validation,position_gain,contradictory,insufficient_evidence,594,2,2,False,evidence-editor-v2,0333694ee58514df859c88d9eb9c30deb320565e927fba5246a7d2a1e4e4c58d
fictional-race-107-record_watch,fictional-race-107,validation,record_watch,misleading_hint,draft,567,1,1,False,evidence-editor-v2,87a0389697406be5b1b7e0be5a75cc964134cd653b45cd43f8f22dce0f4093b1
fictional-race-107-cutoff_watch,fictional-race-107,validation,cutoff_watch,boundary,draft,549,1,1,False,evidence-editor-v2,51fbc77577676d586834eb1ff8212d3144ce895beb3bd12cc6ccb6cd5562bb02
fictional-race-107-pace_change,fictional-race-107,validation,pace_change,complete,draft,579,1,1,False,evidence-editor-v2,37bf62e90a31ba6f9f97c6edab9690e2923162076753e9698cc75163dc38cda6
fictional-race-108-position_gain,fictional-race-108,validation,position_gain,misleading_hint,draft,551,1,1,False,evidence-editor-v2,080e65fb35d18d708798f9acf285a3f5e982f68180fe84cba9528bbaacb6180b
fictional-race-108-record_watch,fictional-race-108,validation,record_watch,boundary,draft,557,1,1,False,evidence-editor-v2,fd540a7d7d34a44c3931f5eac878cda11099b73aa085d9c2a12ad2c5b19c2459
fictional-race-108-cutoff_watch,fictional-race-108,validation,cutoff_watch,complete,draft,564,1,1,False,evidence-editor-v2,0280a5c3b927c3db11ee1575f5444547f1db6373d82ca7720fbc4d892d62667e
fictional-race-108-pace_change,fictional-race-108,validation,pace_change,missing,insufficient_evidence,481,1,0,False,evidence-editor-v2,06ab1e47573026b4657d3ca72d6fcde74165c08d3d57f22b9d41e1654fbfdb55
fictional-race-109-position_gain,fictional-race-109,validation,position_gain,boundary,draft,534,1,1,False,evidence-editor-v2,65d6faeb625db3a3a498421a4ce34b800ce186dc72393579e47a72e8602b3d04
fictional-race-109-record_watch,fictional-race-109,validation,record_watch,complete,draft,581,1,1,False,evidence-editor-v2,64c13c604c0392d64c47ff35f81dc51a9174563739ac1ad950169145464431c3
fictional-race-109-cutoff_watch,fictional-race-109,validation,cutoff_watch,missing,insufficient_evidence,487,1,0,False,evidence-editor-v2,306493facf0ce240e091095047c89a135aa7aed11d4cf5aad1460f54bed1ea37
fictional-race-109-pace_change,fictional-race-109,validation,pace_change,contradictory,insufficient_evidence,618,2,2,False,evidence-editor-v2,dc26e3d6f3905517a728becdedf2972652ef3d9b3c5691fc8c11b28adf97d646
fictional-race-110-position_gain,fictional-race-110,validation,position_gain,complete,draft,540,1,1,False,evidence-editor-v2,82583c47a2359e632140c1ffb945f8fcdf63ff57ff9f863866c9743f50f26fe9
fictional-race-110-record_watch,fictional-race-110,validation,record_watch,missing,insufficient_evidence,484,1,0,False,evidence-editor-v2,60d018d2b456dcd0fe349e1b5f019aca477aca92af9cd0404583cf52156754b2
fictional-race-110-cutoff_watch,fictional-race-110,validation,cutoff_watch,contradictory,insufficient_evidence,605,2,2,False,evidence-editor-v2,905a3acae8c9e20610dba42a5296adf5cc449a054e8283660c854b5466e70fb5
fictional-race-110-pace_change,fictional-race-110,validation,pace_change,misleading_hint,draft,586,1,1,False,evidence-editor-v2,72f596e294b52eb94a9d94abb4b76c898c791b490c65ae2df7409c132b1a8bcb
fictional-race-111-position_gain,fictional-race-111,validation,position_gain,missing,insufficient_evidence,478,1,0,False,evidence-editor-v2,16bc352712a10655b3ef9f042a5dbce8a8b0e06d1c8484a061a19348404a9227
fictional-race-111-record_watch,fictional-race-111,validation,record_watch,contradictory,insufficient_evidence,600,2,2,False,evidence-editor-v2,f8c854f7b0efd50f4a997cf826e4d41749408d960785a990351584bf1c5bc94b
fictional-race-111-cutoff_watch,fictional-race-111,validation,cutoff_watch,misleading_hint,draft,569,1,1,False,evidence-editor-v2,d02163899c4f1a324deb2aab538cdf483b4c87e7f7a3d3efe5a0113b64ae166b
fictional-race-111-pace_change,fictional-race-111,validation,pace_change,boundary,draft,561,1,1,False,evidence-editor-v2,4a2ba5e38e3ef8f0fb4928fa49f3aaabdf710b537e18d6362e23e500117ac5a9
fictional-race-112-position_gain,fictional-race-112,validation,position_gain,contradictory,insufficient_evidence,592,2,2,False,evidence-editor-v2,9c2c248976fe0273726474b5403b463f0ee122bcedf5478dce3cb7888d6f5ed0
fictional-race-112-record_watch,fictional-race-112,validation,record_watch,misleading_hint,draft,580,1,1,False,evidence-editor-v2,0b1856c7dd9417a524d8df26a68d18ad3fb95a3af3b0192bd6637a41c02719d3
fictional-race-112-cutoff_watch,fictional-race-112,validation,cutoff_watch,boundary,draft,547,1,1,False,evidence-editor-v2,a5ede5225d9448c78848959d9ebcb7eacf54d87e5af8957809438f6d842ef289
fictional-race-112-pace_change,fictional-race-112,validation,pace_change,complete,draft,577,1,1,False,evidence-editor-v2,36e88c97f74dc2dac6df270dc56c4811ff075788039c89fe62305fc2780641cc
fictional-race-113-position_gain,fictional-race-113,validation,position_gain,misleading_hint,draft,544,1,1,False,evidence-editor-v2,ae106dcc012acf7d41f5f9e15fc7b57b87ae23b05377e7af26a45abf0a0138d9
fictional-race-113-record_watch,fictional-race-113,validation,record_watch,boundary,draft,560,1,1,False,evidence-editor-v2,bb2cb2b8ef46c840d5d93a198465f489e4cf47132efb72a527410cf8d01b0532
fictional-race-113-cutoff_watch,fictional-race-113,validation,cutoff_watch,complete,draft,567,1,1,False,evidence-editor-v2,43ea9f130fb8302db10c7f806f0ec4d5f1b2786f68f52a77849244b719855bba
fictional-race-113-pace_change,fictional-race-113,validation,pace_change,missing,insufficient_evidence,486,1,0,False,evidence-editor-v2,ffa56005cc2c5468ff942e028866a4b4c8567d9a65709f381d196e86e339276f
fictional-race-114-position_gain,fictional-race-114,validation,position_gain,boundary,draft,528,1,1,False,evidence-editor-v2,6fd90e17d9219d16fa2479ad7c2abd9fdbbac88fcebd3efeccb6893d0f581d1c
fictional-race-114-record_watch,fictional-race-114,validation,record_watch,complete,draft,575,1,1,False,evidence-editor-v2,bbdf1909856734ff0d5c8661155ee10ffeb8b26c197bced9d5dff24bc0772886
fictional-race-114-cutoff_watch,fictional-race-114,validation,cutoff_watch,missing,insufficient_evidence,481,1,0,False,evidence-editor-v2,cd006c75789e56d54af64dd22a1cf1831e099a0e237ec864dc7fc7777aed0629
fictional-race-114-pace_change,fictional-race-114,validation,pace_change,contradictory,insufficient_evidence,612,2,2,False,evidence-editor-v2,fca008d42b32bf47268027ba1042fbb5d9f5b14d6c12d4c1a9743029fea14ce5
fictional-race-115-position_gain,fictional-race-115,validation,position_gain,complete,draft,537,1,1,False,evidence-editor-v2,9509eba4983ee1df0bfc2237ccb716417e2695be4df61628c36d00392c4cc56a
fictional-race-115-record_watch,fictional-race-115,validation,record_watch,missing,insufficient_evidence,482,1,0,False,evidence-editor-v2,f491836a8fdc001002063c0fb790bcad7069efec75cfe15c4eb38622cfc4052d
fictional-race-115-cutoff_watch,fictional-race-115,validation,cutoff_watch,contradictory,insufficient_evidence,607,2,2,False,evidence-editor-v2,5053e992c632c7ce7d269006bfde1bcdd77340c74ff06c493bf235df42b0cf67
fictional-race-115-pace_change,fictional-race-115,validation,pace_change,misleading_hint,draft,583,1,1,False,evidence-editor-v2,834224da028f71ea093afa0ba69ba777713930e6cc4e0eadc94bf5b390a2eb2f
fictional-race-116-position_gain,fictional-race-116,validation,position_gain,missing,insufficient_evidence,482,1,0,False,evidence-editor-v2,1c10b9af6485316c81a31ac4a492b1d2624c960d1497054cd58bea896760466d
fictional-race-116-record_watch,fictional-race-116,validation,record_watch,contradictory,insufficient_evidence,600,2,2,False,evidence-editor-v2,728ad003bb64f470bd92133b36cf3863beeafff6ff02ab6d15b9a0d26ed6c2a4
fictional-race-116-cutoff_watch,fictional-race-116,validation,cutoff_watch,misleading_hint,draft,554,1,1,False,evidence-editor-v2,f4cc4eca6b7f84e993b6f7818c4cc715a947d397c1d3f9e597a01de2c9c19e5d
fictional-race-116-pace_change,fictional-race-116,validation,pace_change,boundary,draft,565,1,1,False,evidence-editor-v2,7592eddff5d7e8e398b3ed772452a2bb641586a63bd5fc6cdd9a9c609768cb56
fictional-race-117-position_gain,fictional-race-117,validation,position_gain,contradictory,insufficient_evidence,592,2,2,False,evidence-editor-v2,9edc76f507b9b9cc4517106fdd852f8b68ff229a36a09d22b6d3d8de25721833
fictional-race-117-record_watch,fictional-race-117,validation,record_watch,misleading_hint,draft,582,1,1,False,evidence-editor-v2,4359c0378582a377a3ead199b0bc1466ae3e0038c3dd759b08b82d0a22470c16
fictional-race-117-cutoff_watch,fictional-race-117,validation,cutoff_watch,boundary,draft,545,1,1,False,evidence-editor-v2,655e7c8c46928bd7e416de27ccea3c6fac9c1d62d0dee2adc3fdcb2aebe133ca
fictional-race-117-pace_change,fictional-race-117,validation,pace_change,complete,draft,575,1,1,False,evidence-editor-v2,dcbb3fc2ef7e5323a51f88cbddbc567f7dd93cc9332b5394b279d279f77bcd7b
fictional-race-118-position_gain,fictional-race-118,validation,position_gain,misleading_hint,draft,544,1,1,False,evidence-editor-v2,53a2eb8bfb8b58b81545da4d3870c72fb349b6c8026a94fa123e19ddb336ddde
fictional-race-118-record_watch,fictional-race-118,validation,record_watch,boundary,draft,560,1,1,False,evidence-editor-v2,3d0bdb46a8725cec546651a77e476198cab27447975a61bb888e2fbd58899e9f
fictional-race-118-cutoff_watch,fictional-race-118,validation,cutoff_watch,complete,draft,561,1,1,False,evidence-editor-v2,b0c486cc0dbb8a0d98a0bde1f4d59c1297bc9dfaaa93e2e03c3098bb40cb9938
fictional-race-118-pace_change,fictional-race-118,validation,pace_change,missing,insufficient_evidence,484,1,0,False,evidence-editor-v2,d0edea109729476a68df4a4329af7444ef48975ab6b2cb8bbf993dc4bb127309
fictional-race-119-position_gain,fictional-race-119,validation,position_gain,boundary,draft,534,1,1,False,evidence-editor-v2,cbadcc228cb739d38575bfe609c26ab6c1e57e42d049f8ff831db2cc7924110d
fictional-race-119-record_watch,fictional-race-119,validation,record_watch,complete,draft,572,1,1,False,evidence-editor-v2,a415c129ebef01e367074376aa94bdc4a3afb7609a1206e3000f407ee039d683
fictional-race-119-cutoff_watch,fictional-race-119,validation,cutoff_watch,missing,insufficient_evidence,487,1,0,False,evidence-editor-v2,5b6a08712fbf8b7a9bd32f4ff8d647f2ee9e734183740fb5c36cdd0fbee945a4
fictional-race-119-pace_change,fictional-race-119,validation,pace_change,contradictory,insufficient_evidence,618,2,2,False,evidence-editor-v2,ef46606d644b1b4dd724b30802e1d538b7f46079dd247c9d3250556e2ff72d17
fictional-race-120-position_gain,fictional-race-120,test,position_gain,complete,draft,534,1,1,False,evidence-editor-v2,3f170fcc9a7c7cf9999defb9b3e1078ba9c1bde1c21f41505b7a18b43f439ebc
fictional-race-120-record_watch,fictional-race-120,test,record_watch,missing,insufficient_evidence,478,1,0,False,evidence-editor-v2,d957d8fda386fd97a859af8857cb4f87fd8a1a66a9a043dc54481cb289eca8ee
fictional-race-120-cutoff_watch,fictional-race-120,test,cutoff_watch,contradictory,insufficient_evidence,601,2,2,False,evidence-editor-v2,888284b53af0c310e0c804a1409ead60c9c7c17e58411e0ac7b89c279bedd05c
fictional-race-120-pace_change,fictional-race-120,test,pace_change,misleading_hint,draft,578,1,1,False,evidence-editor-v2,19df7d9b86524e026568ac66394b1a2eebea838cc6faf63678b168b73819c591
fictional-race-121-position_gain,fictional-race-121,test,position_gain,missing,insufficient_evidence,484,1,0,False,evidence-editor-v2,695340665e1bcfc8dd0c2c6e2239d2458a6b0f56f4145c7abd025c833b2451b2
fictional-race-121-record_watch,fictional-race-121,test,record_watch,contradictory,insufficient_evidence,602,2,2,False,evidence-editor-v2,41bf2529ba7bcd047f9446fa4d5b560af8d374e33fdc83f5a664933b0bfd05fa
fictional-race-121-cutoff_watch,fictional-race-121,test,cutoff_watch,misleading_hint,draft,571,1,1,False,evidence-editor-v2,20d459f4cbc97cd28157f4cd83515af454f492f530183cd22a6037fc3a57f400
fictional-race-121-pace_change,fictional-race-121,test,pace_change,boundary,draft,567,1,1,False,evidence-editor-v2,f26f865fde6dc14c70522b5bedf8d9fed4bf4abbf2f64cb0cb176613718a9033
fictional-race-122-position_gain,fictional-race-122,test,position_gain,contradictory,insufficient_evidence,596,2,2,False,evidence-editor-v2,2e0cb852d0ee62ad8028685df31555d706d24243809870f1ee9e3d853b516c08
fictional-race-122-record_watch,fictional-race-122,test,record_watch,misleading_hint,draft,579,1,1,False,evidence-editor-v2,e778686b3e06d2eaa4a6d9fd04e9a85139ca8d8dbc9f4e973f1fe37c263ed207
fictional-race-122-cutoff_watch,fictional-race-122,test,cutoff_watch,boundary,draft,549,1,1,False,evidence-editor-v2,eeacb36f87d74186047c86f08279decbcc3bc0c145e3b5fc4ad74212aaff15d0
fictional-race-122-pace_change,fictional-race-122,test,pace_change,complete,draft,579,1,1,False,evidence-editor-v2,80464f14f252d16b4dd7f69bc31e308a82ba2c18ac9ed3a63b47da8286c665c5
fictional-race-123-position_gain,fictional-race-123,test,position_gain,misleading_hint,draft,548,1,1,False,evidence-editor-v2,a419083e86a3949ac0215e60879f359253cdd7b645f7b2afa04cf23ce88ba05f
fictional-race-123-record_watch,fictional-race-123,test,record_watch,boundary,draft,554,1,1,False,evidence-editor-v2,a28e019e35c3cfe5b00aae15b0d38f6e32fedede4e3087ef7e73257f627b50f3
fictional-race-123-cutoff_watch,fictional-race-123,test,cutoff_watch,complete,draft,555,1,1,False,evidence-editor-v2,a83580444fde1babe132389157631398236a035b9889ad925c8b640f08a3614f
fictional-race-123-pace_change,fictional-race-123,test,pace_change,missing,insufficient_evidence,480,1,0,False,evidence-editor-v2,14ad52353b2385666d42c110e47179e7f5d880672b1a26c8d5cc966ac5665bd2
fictional-race-124-position_gain,fictional-race-124,test,position_gain,boundary,draft,534,1,1,False,evidence-editor-v2,69c8167c4a7b9440f63a481d65a5a2cc5f4f22bb524906bdec966a886f6b1eca
fictional-race-124-record_watch,fictional-race-124,test,record_watch,complete,draft,578,1,1,False,evidence-editor-v2,1f528e6ef1cb9d6581ac4be1c80adfd932deaecf9b968b41da48410d5720ba41
fictional-race-124-cutoff_watch,fictional-race-124,test,cutoff_watch,missing,insufficient_evidence,487,1,0,False,evidence-editor-v2,b05cb34565eda8e5dfcbe7f0217cc64d1df7143aa9c9faaaf803b561230375bb
fictional-race-124-pace_change,fictional-race-124,test,pace_change,contradictory,insufficient_evidence,616,2,2,False,evidence-editor-v2,426a64c68d3c70065a0d95fe77f97d3317d510ae5efbf5401d94cbaae1acae6e
fictional-race-125-position_gain,fictional-race-125,test,position_gain,complete,draft,535,1,1,False,evidence-editor-v2,69703a468d4fdd2a00a74563d06f340fbd3ec9757d37ec8039b17da87e2d2068
fictional-race-125-record_watch,fictional-race-125,test,record_watch,missing,insufficient_evidence,480,1,0,False,evidence-editor-v2,cf66becb543ba6a3be411ff45733047eb87848c6864709fb15c69465d720c0f4
fictional-race-125-cutoff_watch,fictional-race-125,test,cutoff_watch,contradictory,insufficient_evidence,605,2,2,False,evidence-editor-v2,b80287e8ae06b1fca96a08a486194e442e592e45434976ce6e14cc6e0a4ff47f
fictional-race-125-pace_change,fictional-race-125,test,pace_change,misleading_hint,draft,581,1,1,False,evidence-editor-v2,ce4f12cce78aa46ff58892b0dec953d1d664eb0d8c500df96f3410aaa58ed7fb
fictional-race-126-position_gain,fictional-race-126,test,position_gain,missing,insufficient_evidence,479,1,0,False,evidence-editor-v2,610a1cd6f835f099025e35b32d378945e30ad91a8fc5829f3b4852e52dca6aaa
fictional-race-126-record_watch,fictional-race-126,test,record_watch,contradictory,insufficient_evidence,601,2,2,False,evidence-editor-v2,a4c07f0a0155e2fc6862bbacc2dceb40bcdcbb94122bbffeff17f7fc02b066e7
fictional-race-126-cutoff_watch,fictional-race-126,test,cutoff_watch,misleading_hint,draft,564,1,1,False,evidence-editor-v2,ebde9e8915660cc807715795bf232b7262060ebabe3128929fd77828107f9350
fictional-race-126-pace_change,fictional-race-126,test,pace_change,boundary,draft,562,1,1,False,evidence-editor-v2,c16673eb9525a1f99a3b48519cd2e59bef890c1c9b98ca8bd31a3d8ccc11273f
fictional-race-127-position_gain,fictional-race-127,test,position_gain,contradictory,insufficient_evidence,594,2,2,False,evidence-editor-v2,684be9ea11787a22db763a29684fc8c6aa7c17a33a0ec35cf571407f5d7f5a26
fictional-race-127-record_watch,fictional-race-127,test,record_watch,misleading_hint,draft,580,1,1,False,evidence-editor-v2,66e724a71859ccb3587ccbf363e35ed34a9c946f378c9e87f8d0b018eb23d03b
fictional-race-127-cutoff_watch,fictional-race-127,test,cutoff_watch,boundary,draft,547,1,1,False,evidence-editor-v2,67bdb877243b4efe54257a91a8345ab7d30a34e6bdbbf9ae58676b98a8d9f2e7
fictional-race-127-pace_change,fictional-race-127,test,pace_change,complete,draft,577,1,1,False,evidence-editor-v2,2a640266b20cd0d0a1207906cb6c4d6bff57a8c550822b85d8e4de66ea24dd6f
fictional-race-128-position_gain,fictional-race-128,test,position_gain,misleading_hint,draft,546,1,1,False,evidence-editor-v2,c49778b1a692d9abd3bea6b584974eaddfa7aa7e73478d1bc80903ff151a0566
fictional-race-128-record_watch,fictional-race-128,test,record_watch,boundary,draft,562,1,1,False,evidence-editor-v2,9f55752f6362bfb313dd3e7cc2ec0050a45b5dffe03497fd7c093236f6591f9c
fictional-race-128-cutoff_watch,fictional-race-128,test,cutoff_watch,complete,draft,569,1,1,False,evidence-editor-v2,4a69e8222e06db5fe7d26fe6a47cf63b3b6194afa7bedf64f802dddf6cd58246
fictional-race-128-pace_change,fictional-race-128,test,pace_change,missing,insufficient_evidence,486,1,0,False,evidence-editor-v2,de740d8b13d77f14f5dfe015694de835e3ef9553823ad70ee446b774a1832852
fictional-race-129-position_gain,fictional-race-129,test,position_gain,boundary,draft,528,1,1,False,evidence-editor-v2,46c6b2fc5a87b43d09f1cae165e132fcf7bd0406c8f116be72d04199caf671a1
fictional-race-129-record_watch,fictional-race-129,test,record_watch,complete,draft,572,1,1,False,evidence-editor-v2,c198bcdc4843d547ce1efa2731efc8cb2441b9bcefbf10925d3e2257fa4928a5
fictional-race-129-cutoff_watch,fictional-race-129,test,cutoff_watch,missing,insufficient_evidence,481,1,0,False,evidence-editor-v2,beff4c5fb9b05f2b1a9e223aa6aa5e5bd1d92c7fe74adeb3961916ae18710b26
fictional-race-129-pace_change,fictional-race-129,test,pace_change,contradictory,insufficient_evidence,612,2,2,False,evidence-editor-v2,6a70a3cfb6af8d4d5e4945f44ca07b4a238b643691c8cf733e5ab94a70a997dc
fictional-race-130-position_gain,fictional-race-130,test,position_gain,complete,draft,538,1,1,False,evidence-editor-v2,ff866a1acd5bd4d95f5475d7bb8974a4823ed2939408e7eb2a955cdcbce868a8
fictional-race-130-record_watch,fictional-race-130,test,record_watch,missing,insufficient_evidence,482,1,0,False,evidence-editor-v2,eafa888a87a7d29b5fe6b8c6df9c25157372652ab55e898c56f3fd074fd53230
fictional-race-130-cutoff_watch,fictional-race-130,test,cutoff_watch,contradictory,insufficient_evidence,607,2,2,False,evidence-editor-v2,4581a60d93e5f0f60694b060044314a62d94ca94487c36593240c64f1972beca
fictional-race-130-pace_change,fictional-race-130,test,pace_change,misleading_hint,draft,584,1,1,False,evidence-editor-v2,23b904204684c9e94a814940897a08d95134b87d732fd0b99a85b79547fa5924
fictional-race-131-position_gain,fictional-race-131,test,position_gain,missing,insufficient_evidence,482,1,0,False,evidence-editor-v2,e1a14f5d96eb6144604f1a9053b42149e5931b894a8f6c1f3742eaa49ca6f46e
fictional-race-131-record_watch,fictional-race-131,test,record_watch,contradictory,insufficient_evidence,604,2,2,False,evidence-editor-v2,2adde30562edaef83ad4d9b27d4d25e24e6232545dd30821d71b573bdcf19b57
fictional-race-131-cutoff_watch,fictional-race-131,test,cutoff_watch,misleading_hint,draft,563,1,1,False,evidence-editor-v2,6ceb2a8daeef6a02c425c8e332fc6237193931296511d63d31639511f908a536
fictional-race-131-pace_change,fictional-race-131,test,pace_change,boundary,draft,565,1,1,False,evidence-editor-v2,0152eae535ce262527c2bb870b02882a94bd3706f429070b3286c4400029fd97
fictional-race-132-position_gain,fictional-race-132,test,position_gain,contradictory,insufficient_evidence,590,2,2,False,evidence-editor-v2,3bd33c98c884ba2fd1a4defecf6317866e30baee914527e68c09cfb7202ebc2c
fictional-race-132-record_watch,fictional-race-132,test,record_watch,misleading_hint,draft,577,1,1,False,evidence-editor-v2,430956f39431385422d361d2d70162a3eff4ff89b33e9ff52fffe3052a4d65ab
fictional-race-132-cutoff_watch,fictional-race-132,test,cutoff_watch,boundary,draft,543,1,1,False,evidence-editor-v2,077e36cc71de8ecbd47caad481dc1fe802c04fcc2cb7eb2c6ffae06e78116565
fictional-race-132-pace_change,fictional-race-132,test,pace_change,complete,draft,573,1,1,False,evidence-editor-v2,e94f00aabd4b4059eac32ddb461bfc9c3b81812deefa78b880267e56563f4403
fictional-race-133-position_gain,fictional-race-133,test,position_gain,misleading_hint,draft,544,1,1,False,evidence-editor-v2,ca62840d8af881ebf7f9eb627e45358e1e3aaccf2772b97488d7795861623166
fictional-race-133-record_watch,fictional-race-133,test,record_watch,boundary,draft,560,1,1,False,evidence-editor-v2,b6ed87ca69b21b2b70d7c41dd2ad7c9a667e0361e0939b053fd876daeb0181a8
fictional-race-133-cutoff_watch,fictional-race-133,test,cutoff_watch,complete,draft,567,1,1,False,evidence-editor-v2,98b9d40d36d47ac08282e90c98695fbebe62fa0ace3b3a132c74962dc2da63d8
fictional-race-133-pace_change,fictional-race-133,test,pace_change,missing,insufficient_evidence,486,1,0,False,evidence-editor-v2,5c89a2d9711a3fedba0e0b016bc49520db0d88a513b1ae2a1e7b1926d3c0d052
fictional-race-134-position_gain,fictional-race-134,test,position_gain,boundary,draft,532,1,1,False,evidence-editor-v2,9c9203d6be690c4246b5c0d08f9081f48aded37525d73436d656490a2e8cf62b
fictional-race-134-record_watch,fictional-race-134,test,record_watch,complete,draft,573,1,1,False,evidence-editor-v2,72dd9cbd9ce6a5758863f23174567a540b528c979588e3f227279cdc712273b1
fictional-race-134-cutoff_watch,fictional-race-134,test,cutoff_watch,missing,insufficient_evidence,485,1,0,False,evidence-editor-v2,a90de1bff131d0d6b9c2bffd37d2f984e724bb55df940ce6530fd0d465b0fbfa
fictional-race-134-pace_change,fictional-race-134,test,pace_change,contradictory,insufficient_evidence,616,2,2,False,evidence-editor-v2,29fd511d70f91eb6694c463482854858a93750b018b8776433db924349da878a
fictional-race-135-position_gain,fictional-race-135,test,position_gain,complete,draft,531,1,1,False,evidence-editor-v2,84f3126a8e91b40c16af79aff46e054d8a47d4a1087d8703431ec5cf5fa7f6dc
fictional-race-135-record_watch,fictional-race-135,test,record_watch,missing,insufficient_evidence,476,1,0,False,evidence-editor-v2,aeefde7938fabf8bab6f90c135fe7d27d0ce9cdcf1eae846316b1016e8838df7
fictional-race-135-cutoff_watch,fictional-race-135,test,cutoff_watch,contradictory,insufficient_evidence,597,2,2,False,evidence-editor-v2,6f2f45d8a0d6331ef254d73aa7c959e9a32563c0cee6db9d083a27297e943840
fictional-race-135-pace_change,fictional-race-135,test,pace_change,misleading_hint,draft,581,1,1,False,evidence-editor-v2,78e0c9f975bfae598fb8f43cfee12eda6b98f2e9664cb60ef65eba7f02b03965
fictional-race-136-position_gain,fictional-race-136,test,position_gain,missing,insufficient_evidence,482,1,0,False,evidence-editor-v2,47b9b39c1af6e5896d56ce8a4c6ed073e39bfff7331e216ac2a8c0d4e0e149df
fictional-race-136-record_watch,fictional-race-136,test,record_watch,contradictory,insufficient_evidence,600,2,2,False,evidence-editor-v2,c2b9b130e3e86fd96c4933521d7f0668eb189090204e5adb94ace6e0c12412ad
fictional-race-136-cutoff_watch,fictional-race-136,test,cutoff_watch,misleading_hint,draft,563,1,1,False,evidence-editor-v2,49f8eae21b4d3f3f87eda00cebe37e57a6d0ffb7dd054060be7192e5a25bd8ea
fictional-race-136-pace_change,fictional-race-136,test,pace_change,boundary,draft,565,1,1,False,evidence-editor-v2,f0f970b98a74145a19040f376311426a94945900a73a12b041f7df06df5ece85
fictional-race-137-position_gain,fictional-race-137,test,position_gain,contradictory,insufficient_evidence,594,2,2,False,evidence-editor-v2,44de90699a64f9c3026635f4aff8a54df5a28f2daa792ac2a629998e2cfaf550
fictional-race-137-record_watch,fictional-race-137,test,record_watch,misleading_hint,draft,582,1,1,False,evidence-editor-v2,4a7d73576472147e6b67366eab3cfc555e7514cd3831aef4f3ae26d7a79307ca
fictional-race-137-cutoff_watch,fictional-race-137,test,cutoff_watch,boundary,draft,549,1,1,False,evidence-editor-v2,dcffe87ece6f30b41866d21cd664f98892e092b0b45377e424466cc9efdc214f
fictional-race-137-pace_change,fictional-race-137,test,pace_change,complete,draft,579,1,1,False,evidence-editor-v2,e60866adab97c52bb51d115a0961da3f53b659e3e03ddb30d40b473e316b809a
fictional-race-138-position_gain,fictional-race-138,test,position_gain,misleading_hint,draft,544,1,1,False,evidence-editor-v2,c28aac6c416d530b0ab0d8c5ab0126752f6a0080239f7bb199c944efb42566f5
fictional-race-138-record_watch,fictional-race-138,test,record_watch,boundary,draft,556,1,1,False,evidence-editor-v2,d536d30a4fc061671c173f3fed8a9d8c21a484aaf2cc4c3836af420e6fb0e9e4
fictional-race-138-cutoff_watch,fictional-race-138,test,cutoff_watch,complete,draft,557,1,1,False,evidence-editor-v2,aa929d9e738890d1325605c2382e15f6ff835fbee25900576cd48664eb06db1b
fictional-race-138-pace_change,fictional-race-138,test,pace_change,missing,insufficient_evidence,480,1,0,False,evidence-editor-v2,4992d8e68a94a85f10f4fa41babc70bbca9099d9d561599167e93f11a3406985
fictional-race-139-position_gain,fictional-race-139,test,position_gain,boundary,draft,532,1,1,False,evidence-editor-v2,bb9b1c0d0d344d0038f747634d93d97560d274b9332583cad3187d0665fe721b
fictional-race-139-record_watch,fictional-race-139,test,record_watch,complete,draft,579,1,1,False,evidence-editor-v2,8c368f4450ff0dfefb2eec7096975797a8aa4836874e2d6ef08282b700d8d9f9
fictional-race-139-cutoff_watch,fictional-race-139,test,cutoff_watch,missing,insufficient_evidence,485,1,0,False,evidence-editor-v2,e22b077a89d3df3c3db4ae929842425c3ca879f6560a92b18e8408283883580d
fictional-race-139-pace_change,fictional-race-139,test,pace_change,contradictory,insufficient_evidence,614,2,2,False,evidence-editor-v2,ab5c907f6798363c8c2904ca8b14b34845ad1bf6d31849b7b69ac5937c152eeb
fictional-race-140-position_gain,fictional-race-140,test,position_gain,complete,draft,546,1,1,False,evidence-editor-v2,b8520a91ff7233bf4d1901e7255214aaaf0942152a2bc8c5c7e7eb7025f4405a
fictional-race-140-record_watch,fictional-race-140,test,record_watch,missing,insufficient_evidence,484,1,0,False,evidence-editor-v2,c65d6eab0818156090161e4271a550c8ac8f9de7eacad9cdf3429cc94a2f3a8a
fictional-race-140-cutoff_watch,fictional-race-140,test,cutoff_watch,contradictory,insufficient_evidence,609,2,2,False,evidence-editor-v2,5dbedee3e5d16b0932d279f50e10b1bb07253e91adb7492f7d73c578b64c21d7
fictional-race-140-pace_change,fictional-race-140,test,pace_change,misleading_hint,draft,586,1,1,False,evidence-editor-v2,002ea72c864989646f2acfe67709e73812dfa6a3bc577a23f0414d45ea2dcf22
fictional-race-141-position_gain,fictional-race-141,test,position_gain,missing,insufficient_evidence,480,1,0,False,evidence-editor-v2,70905e9a7da47da075fdd4dfa571a93bc9b99c0661fa3908cef9c6f6711e60ff
fictional-race-141-record_watch,fictional-race-141,test,record_watch,contradictory,insufficient_evidence,602,2,2,False,evidence-editor-v2,b419a24f535c5cf64a0e16291e1d5e21068406b3b47cfb8c7182ba44182fcb83
fictional-race-141-cutoff_watch,fictional-race-141,test,cutoff_watch,misleading_hint,draft,571,1,1,False,evidence-editor-v2,53077cad46692f41de9b995c566dc9a465283441f2bdf43d020fb7f54ac1d896
fictional-race-141-pace_change,fictional-race-141,test,pace_change,boundary,draft,563,1,1,False,evidence-editor-v2,8a9f4483c1ec24d98cb16e7dfbb4122d83d65f5ed4d42b016d7164b3ddd0df46
fictional-race-142-position_gain,fictional-race-142,test,position_gain,contradictory,insufficient_evidence,590,2,2,False,evidence-editor-v2,1b2b45748e3275ecb4cce1a4ac73cda59805459dc9d7160be3392238fcae8100
fictional-race-142-record_watch,fictional-race-142,test,record_watch,misleading_hint,draft,571,1,1,False,evidence-editor-v2,b887e1b71abd789f56e4b3d027a4a42f93c75c7a75092add49cde492cd94b570
fictional-race-142-cutoff_watch,fictional-race-142,test,cutoff_watch,boundary,draft,547,1,1,False,evidence-editor-v2,f79af801cb88f9c86c5ba1352bc25a0bcbbc076e16dcde1a7d9c7d37f96da98a
fictional-race-142-pace_change,fictional-race-142,test,pace_change,complete,draft,577,1,1,False,evidence-editor-v2,cf8b863fd91d489caf3c455ab4b594f2700c3ab8bd0d3523d3f210fba2693cf9
fictional-race-143-position_gain,fictional-race-143,test,position_gain,misleading_hint,draft,542,1,1,False,evidence-editor-v2,243a1bc4813fc229395af0d053efe3e89c1370ac52cfe6d59b6e03e4b50a37be
fictional-race-143-record_watch,fictional-race-143,test,record_watch,boundary,draft,558,1,1,False,evidence-editor-v2,3be894c57980057843e1414d8036e669746cc896ff001e28b21bd8fb993553ff
fictional-race-143-cutoff_watch,fictional-race-143,test,cutoff_watch,complete,draft,559,1,1,False,evidence-editor-v2,33a9db870136444a5e21fa23616b828b167f49981acb9b07021e6940e85d00f4
fictional-race-143-pace_change,fictional-race-143,test,pace_change,missing,insufficient_evidence,484,1,0,False,evidence-editor-v2,4fc3797a66e0149245ac4aa792805f8648e52d1b54b3e85e635ecb3d5e9f1050
fictional-race-144-position_gain,fictional-race-144,test,position_gain,boundary,draft,530,1,1,False,evidence-editor-v2,640706bb4915043df92e24f141c16f6306711d6c157903073783c6329992465c
fictional-race-144-record_watch,fictional-race-144,test,record_watch,complete,draft,577,1,1,False,evidence-editor-v2,ec0b21db677fcb84469f32c07eb5aa74df1ba5be295b10fca7da7acbada03ac8
fictional-race-144-cutoff_watch,fictional-race-144,test,cutoff_watch,missing,insufficient_evidence,483,1,0,False,evidence-editor-v2,63ac4f76efaa14c7994a82344709004df64b64c8e6583b87910d017d63c962f4
fictional-race-144-pace_change,fictional-race-144,test,pace_change,contradictory,insufficient_evidence,614,2,2,False,evidence-editor-v2,873c5c999111cfeb26a51dfd6d5feedbaa616a264e4fe8dac14d0d01e396d8ea
fictional-race-145-position_gain,fictional-race-145,test,position_gain,complete,draft,543,1,1,False,evidence-editor-v2,24be5a6a1b725ebf3be4dc0563ab8218523303dcb3edb19fc81107e2df1575ff
fictional-race-145-record_watch,fictional-race-145,test,record_watch,missing,insufficient_evidence,482,1,0,False,evidence-editor-v2,14278ab46c83d53e2d366810fba436b18781ce39dc2313f1cfa3c0885cc29200
fictional-race-145-cutoff_watch,fictional-race-145,test,cutoff_watch,contradictory,insufficient_evidence,605,2,2,False,evidence-editor-v2,35fc48e3e1c517979ba5ad0465358e591defc50cef46994e2b6717d8415922e8
fictional-race-145-pace_change,fictional-race-145,test,pace_change,misleading_hint,draft,583,1,1,False,evidence-editor-v2,c5456cec879161f31dd15f844c8f928b1aa8e89ec5959ee63f1a849fa8c33410
fictional-race-146-position_gain,fictional-race-146,test,position_gain,missing,insufficient_evidence,484,1,0,False,evidence-editor-v2,6ed1d72296e064a7960846e417b2a6aa09136fcc97430226e05c10a89f2eb2d7
fictional-race-146-record_watch,fictional-race-146,test,record_watch,contradictory,insufficient_evidence,606,2,2,False,evidence-editor-v2,6cacc184c07f232caefb970b14f62b50717e88c1267079c94281fb29b2b80340
fictional-race-146-cutoff_watch,fictional-race-146,test,cutoff_watch,misleading_hint,draft,565,1,1,False,evidence-editor-v2,3d81cb9bd8f05c35a012eb675700e0d635f888ba0fca565a872cd0d4719b5d47
fictional-race-146-pace_change,fictional-race-146,test,pace_change,boundary,draft,567,1,1,False,evidence-editor-v2,70411f683b1e3df729173dde5da61dd60ba82fab154f0fd7c31bc92af7fb13ba
fictional-race-147-position_gain,fictional-race-147,test,position_gain,contradictory,insufficient_evidence,586,2,2,False,evidence-editor-v2,eb16f502e4d9c961b7a094269f6e12f5911c6d35363a36830640501adc4bd707
fictional-race-147-record_watch,fictional-race-147,test,record_watch,misleading_hint,draft,577,1,1,False,evidence-editor-v2,061842e6ebc4e0b6dbac9f009793752049565413c3344b92bdc02e8fe953e920
fictional-race-147-cutoff_watch,fictional-race-147,test,cutoff_watch,boundary,draft,543,1,1,False,evidence-editor-v2,e82ce37550737368c8e0bda86afddff04840b1858f59b2b1babf3d8d2f88d66a
fictional-race-147-pace_change,fictional-race-147,test,pace_change,complete,draft,558,1,1,False,evidence-editor-v2,173d96a51e3712fc09c891f8aa77068d4a44c9d8933638fe189f0b90b400ae0d
fictional-race-148-position_gain,fictional-race-148,test,position_gain,misleading_hint,draft,538,1,1,False,evidence-editor-v2,9fe731d72f69f91f6098d6922777a96f14c1e7a32cd9707bc7d08450b7766818
fictional-race-148-record_watch,fictional-race-148,test,record_watch,boundary,draft,560,1,1,False,evidence-editor-v2,1691c9578d71daeafcc8fc44859c81291a60be4d8b8bd554f17c5ebc08e257af
fictional-race-148-cutoff_watch,fictional-race-148,test,cutoff_watch,complete,draft,567,1,1,False,evidence-editor-v2,2676659b0eed03d5a25e14d6a0cb04dbb619f4f2f2701a710cbec6b028888bf7
fictional-race-148-pace_change,fictional-race-148,test,pace_change,missing,insufficient_evidence,484,1,0,False,evidence-editor-v2,26ce8e912488beaf974054e5aee0f971df07862343da4768913eddc78b607c30
fictional-race-149-position_gain,fictional-race-149,test,position_gain,boundary,draft,534,1,1,False,evidence-editor-v2,5685eaa76de34d24cf3f1c59270320b8b5d47a536948088a1fe1c5445cfbb3f4
fictional-race-149-record_watch,fictional-race-149,test,record_watch,complete,draft,581,1,1,False,evidence-editor-v2,438af17a0d055b156a905ef026ec9cef2d9153a36b0faacbc70c6e3e30404e9c
fictional-race-149-cutoff_watch,fictional-race-149,test,cutoff_watch,missing,insufficient_evidence,487,1,0,False,evidence-editor-v2,4be62cf5bb72c7be5fe633fbe30ff233ea0ea0330abc05383f6abee3d22f3290
fictional-race-149-pace_change,fictional-race-149,test,pace_change,contradictory,insufficient_evidence,616,2,2,False,evidence-editor-v2,faeac8ae4597d0e04fed19cb98c1db083ee1adfc6a20a4c0528da8d81fb93a4e
